Time (s),X (m/s^2),Y (m/s^2),Z (m/s^2)
1.987969500E-2,-1.039199948E0,-1.781099916E0,-1.178399920E0
3.973282000E-2,-9.779999852E-1,-1.648800015E0,-1.000399947E0
5.958594500E-2,-2.845999897E-1,-1.083199978E0,-6.171000004E-1
7.943907000E-2,-1.582999974E-1,-6.933999658E-1,-4.109999910E-2
9.929219500E-2,-2.653000057E-1,-2.824999988E-1,8.039999753E-2
1.191453200E-1,-3.574999869E-1,-2.531999946E-1,4.010000080E-2
1.389968830E-1,-3.300999999E-1,-1.614999920E-1,1.460999995E-1
1.588500080E-1,-1.624999940E-1,-7.530000061E-2,1.880999953E-1
1.787031330E-1,2.150999904E-1,-9.969999641E-2,2.034999877E-1
1.985546950E-1,1.909999996E-1,-5.729999766E-2,-5.040000081E-1
2.184062580E-1,-2.888999879E-1,-2.208999991E-1,-9.822999835E-1
2.382609450E-1,-8.604999781E-1,-3.839999810E-2,-1.079999924E0
2.581125080E-1,-1.112399936E0,1.080999970E-1,-6.681999564E-1
2.779656330E-1,-6.868000031E-1,-3.199999919E-3,-4.763000011E-1
2.978171950E-1,-3.590000048E-2,-2.129999921E-2,-5.572000146E-1
3.176718830E-1,1.077999994E-1,-3.560999930E-1,-7.737999558E-1
3.375234450E-1,-1.621999890E-1,-4.266999960E-1,-9.986999631E-1
3.573750080E-1,-4.226999879E-1,-5.421999693E-1,-9.729999900E-1
3.772296950E-1,-5.859999657E-1,-4.077000022E-1,-6.520999670E-1
3.970812580E-1,-6.765999794E-1,-4.099999964E-1,-6.247000098E-1
4.169328200E-1,-5.848000050E-1,-5.703999996E-1,-7.858999968E-1
4.367859450E-1,-5.900999904E-1,-5.814999938E-1,-1.023800015E0
4.566390700E-1,-8.852999806E-1,-5.273000002E-1,-8.937000036E-1
4.764921950E-1,-1.371099949E0,-6.902999878E-1,-4.007999897E-1
4.963437580E-1,-2.892699957E0,-2.506999969E-1,3.123999834E-1
5.161968830E-1,-3.036999941E0,-4.152999818E-1,9.157999754E-1
5.360500080E-1,-2.749399900E0,-5.870999694E-1,9.158999920E-1
5.559015700E-1,-2.368299961E0,-6.262999773E-1,7.288999557E-1
5.757609450E-1,-2.247699976E0,-1.042599916E0,6.638000011E-1
5.956078200E-1,-2.494799852E0,-7.570999861E-1,6.524999738E-1
6.154593830E-1,-2.295599937E0,-2.601000071E-1,8.316999674E-1
6.353125080E-1,-1.879399896E0,-9.380000085E-2,1.056499958E0
6.551656330E-1,-1.624099970E0,-2.654999793E-1,7.335000038E-1
6.750187580E-1,-9.100999832E-1,-5.888000131E-1,4.271999896E-1
6.948703200E-1,-2.549999952E-2,-3.091999888E-1,-3.137999773E-1
7.147234450E-1,1.104300022E0,-3.752000034E-1,-1.448999941E-1
7.345765700E-1,1.791099906E0,5.716999769E-1,6.024000049E-1
7.544281330E-1,6.710999608E-1,7.978000045E-1,-2.022699833E0
7.742812580E-1,-3.000000026E-3,2.757999897E-1,-2.437299967E0
7.941343830E-1,4.183000028E-1,-1.260000002E-2,-2.060199976E0
8.139859450E-1,1.542599916E0,3.359999880E-2,-1.547099948E0
8.338390700E-1,2.627799988E0,6.219999790E-1,-3.998999894E-1
8.536921950E-1,3.257099867E0,8.432999849E-1,-1.836799979E0
8.735453200E-1,3.357899904E0,7.540999651E-1,-1.878799915E0
8.933968830E-1,2.639799833E0,1.073899984E0,-4.711000025E-1
9.132500080E-1,2.104399920E0,1.594299912E0,3.419999778E-2
9.331015700E-1,1.267799973E0,1.473599911E0,1.324199915E0
9.529546950E-1,7.017999887E-1,7.998999953E-1,6.929000020E-1
9.728078200E-1,-2.168999910E-1,1.607999951E-1,9.468999505E-1
9.926593830E-1,-4.265999794E-1,-7.317999601E-1,1.353999972E-1
1.012512508E0,-5.320000052E-1,-1.221199989E0,-1.175199986E0
1.032364070E0,-8.337000012E-1,-1.447799921E0,-1.960999966E-1
1.052218758E0,-1.122200012E0,-1.961499929E0,1.156999990E-1
1.072071883E0,-4.790000021E-1,-1.260399938E0,-4.275999963E-1
1.091923445E0,-1.451999992E-1,-1.216099977E0,5.689999834E-2
1.111776570E0,-2.823999822E-1,-1.310099959E0,1.139999926E-2
1.131628133E0,-3.614999950E-1,-1.832099915E0,-2.122999877E-1
1.151481258E0,-9.041000009E-1,-2.236700058E0,-2.470999956E-1
1.171334383E0,-8.229999542E-1,-1.873399973E0,-4.763999879E-1
1.191185945E0,2.249999903E-2,-1.291899920E0,-1.114000008E-1
1.211039070E0,5.561000109E-1,-8.608999848E-1,-8.309999853E-2
1.230892195E0,7.630999684E-1,3.329999745E-2,5.699999630E-3
1.250745320E0,1.952499986E0,1.855699897E0,1.926999986E-1
1.270598445E0,1.482800007E0,2.353099823E0,-4.939999804E-2
1.290450008E0,4.939999804E-2,2.431499958E0,4.797999859E-1
1.310301570E0,2.040999979E-1,2.134399891E0,8.023999929E-1
1.330154695E0,9.240999818E-1,8.057000041E-1,7.707999945E-1
1.350007820E0,2.857300043E0,1.932500005E0,-1.396799922E0
1.369860945E0,2.251199961E0,3.825399876E0,-8.086999655E-1
1.389714070E0,9.954999685E-1,4.694699764E0,2.141900063E0
1.409565633E0,7.358999848E-1,4.457399845E0,1.599099994E0
1.429418758E0,-9.582999945E-1,1.911399961E0,1.147899985E0
1.449270320E0,-4.193699837E0,-7.611399651E0,4.537999928E-1
1.469123445E0,-2.182399988E0,-1.223469925E1,-1.373099923E0
1.488975008E0,6.420999765E-1,-6.795499802E0,-1.478999972E0
1.508828133E0,2.652099848E0,1.504999995E-1,-9.677000046E-1
1.528681258E0,2.673599958E0,2.528699875E0,-6.611999869E-1
1.548534383E0,5.794000030E-1,9.116999507E-1,-1.473999918E-1
1.568385945E0,-8.366999626E-1,-1.852299929E0,3.428999782E-1
1.588239070E0,-9.099999815E-2,-3.256399870E0,6.826999784E-1
1.608092195E0,1.367200017E0,-3.504999876E0,6.104999781E-1
1.627945320E0,7.415999770E-1,-5.715999603E-1,3.253999949E-1
1.647796883E0,-4.645999968E-1,6.809999943E-1,2.569999993E-1
1.667650008E0,-7.731999755E-1,1.781999916E-1,3.134000003E-1
1.687507820E0,-2.126999944E-1,-5.013999939E-1,2.549000084E-1
1.707354695E0,4.477999806E-1,-7.443000078E-1,2.901999950E-1
1.727207820E0,1.636999995E-1,-1.006899953E0,4.041999876E-1
1.747060945E0,3.382099867E0,-7.666999698E-1,-5.812000036E-1
1.766912508E0,3.052699804E0,3.730999827E-1,-4.174999893E-1
1.786765633E0,-7.680999637E-1,3.333999813E-1,1.347000003E-1
1.806618758E0,-1.818599939E0,-3.312000036E-1,-7.310000062E-2
1.826470320E0,-1.625999928E0,-2.291999906E-1,-1.410999894E-1
1.846323445E0,-5.659999847E-1,7.459999621E-2,-3.558000028E-1
1.866176570E0,5.381999612E-1,1.990999877E-1,-4.335999787E-1
1.886028133E0,6.019999981E-1,3.129000068E-1,-3.145000041E-1
1.905881258E0,-2.268999964E-1,1.919999905E-2,2.949000001E-1
1.925734383E0,-3.179999813E-2,-2.683999836E-1,4.981999993E-1
1.945587508E0,-2.872000039E-1,-3.379999995E-1,3.658999801E-1
1.965439070E0,-1.291999966E-1,-1.578999907E-1,3.172999918E-1
1.985292195E0,1.569999941E-2,-2.080000006E-2,-3.949999809E-2
2.005145320E0,2.509000003E-1,1.459999941E-2,-4.490000010E-2
2.024996883E0,4.194999933E-1,2.989999950E-2,3.610000014E-2
2.044850008E0,2.667999864E-1,-3.608999848E-1,-6.019999832E-2
2.064703133E0,2.390999943E-1,-4.788999856E-1,1.251000017E-1
2.084556258E0,-1.916999966E-1,-1.208999977E-1,-2.149999887E-1
2.104407820E0,-3.061999977E-1,-3.828999996E-1,-3.892000020E-1
2.124260945E0,-2.026999891E-1,-6.814999580E-1,-2.692999840E-1
2.144114070E0,-1.935999990E-1,-1.175999999E0,-1.453000009E-1
2.163965633E0,-4.535999894E-1,-2.247699976E0,-1.286000013E-1
2.183818758E0,-6.406999826E-1,-3.111799955E0,1.996999979E-1
2.203671883E0,-5.965999961E-1,-2.840099812E0,3.813000023E-1
2.223523445E0,-2.202999890E-1,-2.503700018E0,5.777999759E-1
2.243376570E0,3.288999796E-1,-2.356999874E0,1.123000026E0
2.263229695E0,7.008000016E-1,-1.985499978E0,1.309599996E0
2.283081258E0,5.105000138E-1,-1.279299974E0,6.570999622E-1
2.302934383E0,1.489999890E-1,-5.266000032E-1,5.306999683E-1
2.322792195E0,5.899999756E-3,4.734999835E-1,-9.529999644E-2
2.342639070E0,-2.453999966E-1,8.658999801E-1,-8.853999972E-1
2.362492195E0,-1.410000026E-1,1.221699953E0,-1.769199967E0
2.382343758E0,6.726999879E-1,1.543599963E0,-1.069700003E0
2.402198445E0,1.550400019E0,9.344999790E-1,2.113000005E-1
2.422050008E0,1.458999991E0,-3.678999841E-1,-2.518000007E-1
2.441903133E0,8.788999915E-1,-1.750299931E0,2.102999985E-1
2.461754695E0,-1.523000002E-1,-2.650499821E0,-2.500999868E-1
2.481607820E0,-3.619999811E-2,-3.043499947E0,-5.748999715E-1
2.501460945E0,-4.940999746E-1,-2.498499870E0,-2.497999966E-1
2.521314070E0,-6.398000121E-1,-2.207200050E0,8.319999576E-1
2.541165633E0,-9.812999964E-1,-2.651799917E0,1.316200018E0
2.561018758E0,-8.750999570E-1,-2.455399990E0,9.643999934E-1
2.580870320E0,-8.229999989E-2,-1.461199999E0,5.753999949E-1
2.600723445E0,9.140999913E-1,1.369999945E-1,3.130000085E-2
2.620576570E0,1.485000014E0,1.761899948E0,-1.788999885E-1
2.640428133E0,1.339200020E0,2.354099989E0,-1.099999994E-1
2.660281258E0,6.924999952E-1,2.902699947E0,3.319000006E-1
2.680134383E0,5.719999969E-2,3.116199970E0,2.410999984E-1
2.699987508E0,-3.130999804E-1,3.025399923E0,3.082000017E-1
2.719839070E0,-7.951999903E-1,3.102699995E0,-7.429999858E-2
2.739692195E0,-1.231499910E0,3.326200008E0,-4.774999917E-1
2.759545320E0,-1.680199981E0,3.181099892E0,-6.315000057E-1
2.779396883E0,-1.833599925E0,2.816299915E0,-4.730999768E-1
2.799250008E0,-2.237699986E0,2.569700003E0,-1.659999937E-1
2.819103133E0,-1.799099922E0,2.033999920E0,5.169000030E-1
2.838956258E0,-8.222999573E-1,1.057999969E0,1.061499953E0
2.858807820E0,2.960999906E-1,-5.393999815E-1,1.558599949E0
2.878660945E0,1.216099977E0,-3.379799843E0,3.850399971E0
2.898514070E0,1.058599949E0,-6.949399948E0,5.813399792E0
2.918365633E0,-8.203999996E-1,-6.921599865E0,3.875099897E0
2.938218758E0,-1.490899920E0,-1.523699999E0,1.818099976E0
2.958071883E0,-9.284999967E-1,4.207499981E0,-3.326999843E-1
2.977925008E0,2.510699987E0,3.558899879E0,-3.539599895E0
2.997776570E0,3.724299908E0,-5.665999651E-1,-6.096999645E0
3.017635945E0,1.462000012E0,-4.453299999E0,-7.354899883E0
3.037482820E0,8.995999694E-1,-1.059899998E1,-2.425799847E0
3.057334383E0,2.063099861E0,-1.231369972E1,5.914199829E0
3.077187508E0,1.217100024E0,-3.175999880E0,5.246299744E0
3.097040633E0,-7.063999772E-1,5.426099777E0,-2.435600042E0
3.116892195E0,-2.028800011E0,7.858099937E0,-5.459300041E0
3.136745320E0,-2.499899864E0,5.434000015E0,-5.987699986E0
3.156598445E0,-2.404700041E0,1.112100005E0,-1.700399995E0
3.176451570E0,-2.352999926E0,-2.401700020E0,4.226900101E0
3.196303133E0,-1.642799973E0,-3.816099882E0,4.889800072E0
3.216160945E0,7.405999899E-1,-4.406799793E0,2.854599953E0
3.236007820E0,2.303499937E0,-2.482100010E0,1.688199997E0
3.255860945E0,3.912499905E0,3.849999905E-1,5.241000056E-1
3.275714070E0,3.003899813E0,1.582999945E0,-6.006999612E-1
3.295567195E0,7.446999550E-1,9.213999510E-1,-1.343299985E0
3.315418758E0,-1.319199920E0,3.689999878E-2,-7.792999744E-1
3.335271883E0,-2.453500032E0,-3.213999867E-1,-7.657999992E-1
3.355129695E0,-1.821699977E0,2.563999891E-1,-5.740000010E-1
3.374976570E0,-7.506999969E-1,5.827000141E-1,-5.780000091E-1
3.394829695E0,-1.793999970E-1,6.758999825E-1,2.549000084E-1
3.414682820E0,9.479999542E-2,4.311999977E-1,1.383899927E0
3.434535945E0,4.679999873E-2,3.353999853E-1,2.017400026E0
3.454387508E0,2.626999915E-1,4.105999768E-1,1.128899932E0
3.474240633E0,3.678999841E-1,4.941999912E-1,9.149999917E-2
3.494093758E0,4.994999766E-1,8.859999478E-2,-2.705000043E-1
3.513945320E0,3.750000000E-1,6.199999712E-3,1.904999912E-1
3.533798445E0,-3.539999947E-2,1.424999982E-1,2.084999979E-1
3.553650008E0,-5.710999966E-1,-3.932999969E-1,1.759999990E-2
3.573503133E0,-9.339999557E-1,-7.218999863E-1,-8.940000087E-2
3.593356258E0,-4.490999877E-1,-1.016399980E0,-1.963000000E-1
3.613209383E0,2.575999796E-1,-1.319100022E0,-3.369999826E-1
3.633060945E0,6.261999607E-1,-1.765599966E0,-6.105999947E-1
3.652914070E0,6.177999973E-1,-2.296200037E0,-8.410000056E-2
3.672767195E0,5.968999863E-1,-3.128199816E0,9.988999963E-1
3.692620320E0,2.096999884E-1,-4.275599957E0,1.606299996E0
3.712478133E0,-6.541999578E-1,-4.840600014E0,1.952699900E0
3.732325008E0,-1.601799965E0,-4.000899792E0,1.666899920E0
3.752176570E0,-2.333999872E0,-2.905400038E0,-4.389999807E-2
3.772029695E0,-1.762799978E0,-1.773799896E0,-1.225799918E0
3.791881258E0,1.011799932E0,-1.143800020E0,-1.330399990E0
3.811734383E0,3.361299992E0,-5.598999858E-1,-1.985199928E0
3.831587508E0,4.517199993E0,-1.386699915E0,-2.327199936E0
3.851440633E0,2.894799948E0,-2.508499861E0,-2.267600060E0
3.871292195E0,1.532299995E0,-2.825500011E0,-1.588400006E0
3.891146883E0,6.827999949E-1,-2.904099941E0,6.329999566E-1
3.910998445E0,-4.671999812E-1,-2.853399992E0,1.057899952E0
3.930850008E0,-1.238600016E0,-2.683499813E0,2.227999926E0
3.950703133E0,-2.826299906E0,-3.185299873E0,1.182899952E0
3.970556258E0,-2.341399908E0,-2.991499901E0,-9.200000018E-2
3.990409383E0,-7.692999840E-1,-1.570199966E0,-4.180999994E-1
4.010260945E0,8.139999509E-1,-1.169999968E-2,-5.213999748E-1
4.030114070E0,1.964699984E0,2.586199999E0,-3.121999800E-1
4.049967195E0,1.661299944E0,4.488800049E0,2.245999873E-1
4.069818758E0,8.962000012E-1,5.775899887E0,5.094000101E-1
4.089673445E0,-5.453999639E-1,6.361499786E0,5.801999569E-1
4.109525008E0,-2.214400053E0,6.057699680E0,2.343999892E-1
4.129376570E0,-2.930500031E0,5.067299843E0,-1.090000011E-2
4.149231258E0,-3.578699827E0,4.459300041E0,-2.268999964E-1
4.169084383E0,-3.989699841E0,4.162399769E0,-1.273999959E-1
4.188942195E0,-3.615899801E0,3.461099863E0,1.568999887E-1
4.208787508E0,-2.417399883E0,1.922999978E0,1.594599962E0
4.228640633E0,-4.366999865E-1,-8.015999794E-1,4.133899689E0
4.248493758E0,2.606299877E0,-4.965099812E0,7.384199619E0
4.268345320E0,3.812999964E0,-1.066759968E1,7.280900002E0
4.288198445E0,1.497499943E0,-1.015660000E1,4.288099766E0
4.308051570E0,-1.643499970E0,-2.861299992E0,1.951200008E0
4.327904695E0,-7.452999949E-1,2.167299986E0,2.878700018E0
4.347756258E0,8.463999629E-1,-1.040799975E0,-8.199999481E-2
4.367609383E0,2.320799828E0,-7.565999985E0,-4.927799702E0
4.387460945E0,4.172800064E0,-1.149849987E1,-1.873299956E0
4.407320320E0,7.889999747E-1,-6.271299839E0,-2.399299860E0
4.427167195E0,4.666999876E-1,3.705499887E0,-6.105099678E0
4.447020320E0,1.762300014E0,8.176300049E0,-1.925300002E0
4.466871883E0,-5.633999705E-1,5.661499977E0,-1.809799910E0
4.486725008E0,-4.503499985E0,2.991999984E-1,1.982999891E-1
4.506578133E0,-5.409699917E0,-4.032999992E0,2.422699928E0
4.526429695E0,-2.577399969E0,-2.960899830E0,1.725999951E0
4.546282820E0,8.399999700E-3,-2.234899998E0,1.524799943E0
4.566135945E0,1.525900006E0,-2.168400049E0,1.741499901E0
4.585989070E0,3.125000000E0,-6.858999729E-1,1.125599980E0
4.605840633E0,2.673300028E0,1.047500014E0,1.553499937E0
4.625693758E0,5.796999931E-1,1.519999981E0,5.655999780E-1
4.645546883E0,-7.903999686E-1,1.034999967E0,-6.068999767E-1
4.665398445E0,-1.703699946E0,4.096999764E-1,-4.007999897E-1
4.685251570E0,-1.748699903E0,1.042999998E-1,4.080999792E-1
4.705104695E0,-1.196799994E0,3.167999983E-1,3.745999932E-1
4.724956258E0,-5.594999790E-1,6.304999590E-1,-5.622999668E-1
4.744809383E0,3.682000041E-1,3.831000030E-1,-7.450999618E-1
4.764662508E0,1.004199982E0,-1.898999959E-1,-7.009999454E-2
4.784515633E0,6.669999957E-1,-2.149999887E-1,4.223999977E-1
4.804367195E0,6.083999872E-1,-1.873999983E-1,5.137999654E-1
4.824220320E0,1.028399944E0,-1.479000002E-1,6.260000169E-2
4.844073445E0,1.464599967E0,6.659999490E-2,-6.218000054E-1
4.863926570E0,6.076999903E-1,-7.351999879E-1,2.097999901E-1
4.883778133E0,-1.265399933E0,-1.398899913E0,1.162199974E0
4.903631258E0,-2.113100052E0,-1.577799916E0,6.541000009E-1
4.923484383E0,-1.700899959E0,-1.388000011E0,-4.422999918E-1
4.943335945E0,-9.880999923E-1,-9.940999746E-1,-9.211999774E-1
4.963189070E0,2.534999847E-1,-1.361299992E0,-8.913999796E-1
4.983042195E0,1.720299959E0,-2.596099854E0,5.076000094E-1
5.002893758E0,1.099599957E0,-3.800899982E0,1.649599910E0
5.022746883E0,-2.043999881E-1,-4.140299797E0,1.024600029E0
5.042600008E0,-1.474699974E0,-3.751499891E0,-9.174000025E-1
5.062453133E0,-3.395999968E-1,-2.434399843E0,-1.112200022E0
5.082304695E0,1.881899953E0,-2.065700054E0,-7.951999903E-1
5.102162508E0,3.278199911E0,-2.931499958E0,-1.861599922E0
5.122010945E0,3.438499928E0,-4.613800049E0,-2.358099937E0
5.141862508E0,2.751399994E0,-5.031099796E0,-1.862599969E0
5.161714070E0,1.569299936E0,-3.663100004E0,1.140000001E-1
5.181568758E0,-2.330999970E-1,-2.729799986E0,1.431499958E0
5.201420320E0,-2.112999916E0,-1.951099992E0,7.962999940E-1
5.221273445E0,-2.453599930E0,-1.099200010E0,1.177500010E0
5.241126570E0,-1.899399996E0,-1.021899939E0,3.603999913E-1
5.260978133E0,-9.763000011E-1,-5.620999932E-1,-9.903999567E-1
5.280829695E0,3.744999766E-1,1.068999991E-1,-1.556999922E0
5.300682820E0,1.165599942E0,8.657000065E-1,-1.652400017E0
5.320535945E0,1.165199995E0,1.612800002E0,-7.726999521E-1
5.340389070E0,9.036999941E-1,2.152799845E0,5.780000091E-1
5.360240633E0,2.931999862E-1,2.965799809E0,1.542400002E0
5.380093758E0,2.377999872E-1,3.893599987E0,1.892399907E0
5.399946883E0,5.299999844E-3,5.032099724E0,1.598299980E0
5.419800008E0,-8.551999927E-1,5.671199799E0,1.247099996E0
5.439651570E0,-1.788199902E0,5.194799900E0,5.220000148E-1
5.459504695E0,-3.010999918E0,4.519700050E0,4.532999992E-1
5.479357820E0,-3.439199924E0,3.927199841E0,-4.539999738E-2
5.499209383E0,-2.251099825E0,2.787999868E0,5.063999891E-1
5.519062508E0,-3.619999886E-1,8.625999689E-1,2.297099829E0
5.538915633E0,7.159000039E-1,-1.958199978E0,3.652400017E0
5.558767195E0,1.809399962E0,-6.925499916E0,7.042399883E0
5.578620320E0,1.152199984E0,-1.044539928E1,6.813999653E0
5.598473445E0,-1.273399949E0,-6.441199780E0,3.276199818E0
5.618325008E0,-2.329999924E0,4.235999882E-1,1.847499967E0
5.638178133E0,4.487999976E-1,2.144199848E0,2.056599855E0
5.658031258E0,2.390300035E0,-3.393999815E0,-8.211999536E-1
5.677882820E0,4.797199726E0,-1.161709976E1,-4.821000099E0
5.697735945E0,1.812500000E0,-1.153199959E1,-2.728799820E0
5.717589070E0,-2.532999814E-1,-3.438299894E0,-1.511899948E0
5.737442195E0,2.614500046E0,8.091599464E0,-5.091300011E0
5.757293758E0,3.523000002E0,9.301300049E0,-3.401499987E0
5.777146883E0,-7.078999877E-1,3.709299803E0,-1.913399935E0
5.797004695E0,-5.292799950E0,-3.875499964E0,7.440999746E-1
5.816851570E0,-4.969399929E0,-6.489500046E0,1.619499922E0
5.836704695E0,-3.023000002E0,-3.162400007E0,1.658499956E0
5.856557820E0,-4.386000037E-1,-1.698199987E0,1.850699902E0
5.876409383E0,1.205199957E0,-1.111400008E0,1.927399993E0
5.896262508E0,2.802399874E0,-7.180000097E-2,1.919699907E0
5.916115633E0,2.219899893E0,1.221499920E0,1.272799969E0
5.935968758E0,5.659999847E-1,1.529699922E0,-2.351000011E-1
5.955820320E0,-1.170699954E0,6.647999883E-1,-1.204800010E0
5.975673445E0,-2.101099968E0,-3.634999990E-1,-5.269999802E-2
5.995531258E0,-1.896099925E0,-3.652999997E-1,6.748999953E-1
6.015378133E0,-1.402599931E0,-2.822999954E-1,6.405000091E-1
6.035231258E0,-6.450999975E-1,-2.534999847E-1,4.052000046E-1
6.055084383E0,1.256999969E-1,-1.204999983E-1,1.195999980E-1
6.074937508E0,1.035599947E0,4.265999794E-1,8.229999989E-2
6.094789070E0,1.552699924E0,6.306999922E-1,1.969999969E-1
6.114642195E0,1.432399988E0,5.878999829E-1,-5.731999874E-1
6.134495320E0,9.048999548E-1,4.514999986E-1,-8.761000037E-1
6.154346883E0,3.127000034E-1,3.583000004E-1,-5.099999905E-1
6.174200008E0,-6.615999937E-1,-8.587999940E-1,5.313999653E-1
6.194051570E0,-9.396999478E-1,-1.338500023E0,5.266999602E-1
6.213904695E0,-1.260399938E0,-1.226799965E0,-1.933999956E-1
6.233757820E0,-1.900099993E0,-8.247999549E-1,-1.023199916E0
6.253609383E0,-5.792999864E-1,-1.858299971E0,-3.780999780E-1
6.273462508E0,1.678499937E0,-2.767199993E0,1.641299963E0
6.293315633E0,1.292500019E0,-3.423399925E0,2.671099901E0
6.313167195E0,-5.511999726E-1,-3.830099821E0,7.100000046E-3
6.333020320E0,-2.247699976E0,-3.776000023E0,-4.492999911E-1
6.352873445E0,-1.524599910E0,-3.280699968E0,-8.051999807E-1
6.372726570E0,6.656999588E-1,-2.909699917E0,-1.032199979E0
6.392578133E0,2.815199852E0,-1.767599940E0,-1.413999915E0
6.412431258E0,4.299799919E0,-1.515599966E0,-1.075299978E0
6.432282820E0,4.112400055E0,-2.619099855E0,-1.075099945E0
6.452135945E0,3.713099957E0,-3.960399866E0,-1.218999982E0
6.471989070E0,1.974900007E0,-3.816999912E0,-1.151899934E0
6.491848445E0,-3.170000017E-2,-2.602900028E0,-2.236000001E-1
6.511693758E0,-1.184700012E0,-1.673399925E0,1.882499933E0
6.531546883E0,-1.753399968E0,-1.401600003E0,1.564999938E0
6.551400008E0,-1.769699931E0,-1.213699937E0,5.855999589E-1
6.571251570E0,-1.567299962E0,-1.145299911E0,-7.523999810E-1
6.591104695E0,-1.009400010E0,-6.345999837E-1,-1.075500011E0
6.610957820E0,-5.939999968E-2,2.834999859E-1,-8.617999554E-1
6.630809383E0,6.117999554E-1,1.372200012E0,-6.056999564E-1
6.650662508E0,1.146199942E0,2.358299971E0,3.066000044E-1
6.670515633E0,9.618999958E-1,3.569499969E0,1.106899977E0
6.690368758E0,5.202999711E-1,4.545599937E0,1.314099908E0
6.710220320E0,-3.558999896E-1,5.324199677E0,1.357900023E0
6.730073445E0,-1.533599973E0,5.690399647E0,7.177000046E-1
6.749926570E0,-2.574100018E0,5.161999702E0,-6.729999930E-2
6.769778133E0,-3.127599955E0,4.539099693E0,-6.556999683E-1
6.789631258E0,-3.091699839E0,3.865299940E0,-1.179899931E0
6.809484383E0,-2.686599970E0,3.595799923E0,-1.386799932E0
6.829342195E0,-1.805400014E0,2.242100000E0,-9.609999508E-2
6.849189070E0,5.509999767E-2,1.201999933E-1,2.983799934E0
6.869042195E0,2.512300014E0,-3.951900005E0,8.367400169E0
6.888895320E0,3.258800030E0,-1.287869930E1,6.458999634E0
6.908746883E0,7.928000093E-1,-8.436499596E0,3.200500011E0
6.928600008E0,-1.245899916E0,9.696999788E-1,1.530200005E0
6.948453133E0,1.278999925E0,3.896199942E0,5.052999854E-1
6.968304695E0,2.584899902E0,-2.143199921E0,-2.122200012E0
6.988157820E0,4.697099686E0,-1.174259949E1,-6.183199883E0
7.008010945E0,-2.736999989E-1,-1.019849968E1,-7.906999588E-1
7.027862508E0,-2.062700033E0,-2.144899845E0,-2.605900049E0
7.047715633E0,1.279500008E0,8.284199715E0,-5.294799805E0
7.067568758E0,1.876699924E0,8.893599510E0,-3.067399979E0
7.087421883E0,2.514999807E-1,2.325999975E0,-1.108500004E0
7.107273445E0,-4.152100086E0,-4.415499687E0,2.515399933E0
7.127126570E0,-4.005399704E0,-5.434999943E0,1.768999934E0
7.146979695E0,-1.837099910E0,-2.434599876E0,1.658100009E0
7.166831258E0,-4.726999998E-1,-1.431699991E0,1.941599965E0
7.186689070E0,1.189000010E0,-1.240100026E0,1.705299973E0
7.206537508E0,1.878899932E0,-3.586999774E-1,1.535399914E0
7.226390633E0,1.495000005E0,1.089999914E0,1.314499974E0
7.246246883E0,6.595000029E-1,1.873199940E0,-9.989999980E-2
7.266095320E0,-1.059899926E0,1.024299979E0,-8.838999867E-1
7.285946883E0,-1.867299914E0,-3.227999806E-1,9.989999980E-2
7.305800008E0,-1.699800014E0,-3.976999819E-1,5.105000138E-1
7.325653133E0,-1.075699925E0,2.439999953E-2,1.467999965E-1
7.345506258E0,1.429999992E-2,4.690999985E-1,-4.811999798E-1
7.365357820E0,6.858999729E-1,6.035000086E-1,-7.030000091E-1
7.385210945E0,1.082499981E0,4.215999842E-1,-5.471999645E-1
7.405064070E0,9.888999462E-1,2.057999969E-1,-9.829999506E-2
7.424915633E0,5.192999840E-1,2.030999959E-1,3.301999867E-1
7.444768758E0,3.125999868E-1,6.757999659E-1,2.935000062E-1
7.464621883E0,6.326000094E-1,1.659999937E-1,-1.999999862E-3
7.484473445E0,2.534999847E-1,-9.509999752E-1,9.369999915E-2
7.504326570E0,-6.111999750E-1,-1.425499916E0,4.736999869E-1
7.524179695E0,-1.862599969E0,-1.623299956E0,6.687999964E-1
7.544031258E0,-3.018999815E0,-8.122999668E-1,-2.930999994E-1
7.563884383E0,-2.171900034E0,-1.473999977E0,-5.690999627E-1
7.583737508E0,1.262999922E-1,-3.342299938E0,1.499999911E-1
7.603589070E0,1.653800011E0,-3.702499866E0,2.018300056E0
7.623442195E0,7.874999642E-1,-3.883699894E0,6.103999615E-1
7.643295320E0,-5.110999942E-1,-3.818499804E0,-1.136299968E0
7.663146883E0,6.119999662E-2,-3.000000000E0,-1.988199949E0
7.683000008E0,1.781899929E0,-2.045099974E0,-1.480799913E0
7.702853133E0,4.082499981E0,-2.480000019E0,-1.231799960E0
7.722706258E0,4.502399921E0,-3.835199833E0,-9.589999914E-1
7.742557820E0,3.227699995E0,-5.192800045E0,-1.714100003E0
7.762410945E0,1.748799920E0,-4.770499706E0,-1.339200020E0
7.782262508E0,-5.372999907E-1,-3.348599911E0,6.918999553E-1
7.802115633E0,-1.784199953E0,-2.411799908E0,1.461199999E0
7.821968758E0,-2.523399830E0,-1.382499933E0,1.660300016E0
7.841821883E0,-2.390499830E0,-8.571999669E-1,3.484999835E-1
7.861673445E0,-1.322700024E0,-4.857999980E-1,-9.177999496E-1
7.881532820E0,8.839999884E-2,-4.769999906E-2,-1.517099977E0
7.901379695E0,1.218400002E0,1.143199921E0,-1.491799951E0
7.921231258E0,1.330299973E0,2.423300028E0,-7.058999538E-1
7.941084383E0,1.023299932E0,2.963999987E0,4.608999789E-1
7.960937508E0,7.960999608E-1,3.376399994E0,1.614099979E0
7.980790633E0,3.935000002E-1,3.736799955E0,1.878299952E0
8.000642195E0,-3.962999880E-1,5.079400063E0,1.739300013E0
8.020495320E0,-1.649899960E0,5.645400047E0,1.116699934E0
8.040348445E0,-2.558300018E0,5.490399837E0,2.694999874E-1
8.060200008E0,-3.515399933E0,5.286099911E0,-3.893999755E-1
8.080059383E0,-4.137300014E0,4.834099770E0,-8.461999893E-1
8.099906258E0,-3.886899948E0,4.229599953E0,-8.222999573E-1
8.119757820E0,-2.000299931E0,2.438199997E0,9.842999578E-1
8.139610945E0,4.981999993E-1,-8.273999691E-1,5.203199863E0
8.159464070E0,3.605799913E0,-7.415699959E0,1.029209995E1
8.179317195E0,5.135699749E0,-1.641989899E1,6.307600021E0
8.199168758E0,2.214699984E0,-1.155830002E1,3.826900005E0
8.219021883E0,-1.038299918E0,-8.631999493E-1,2.801499844E0
8.238875008E0,3.240999877E-1,2.444399834E0,2.083899975E0
8.258726570E0,2.452199936E0,-5.494899750E0,-3.925299883E0
8.278579695E0,2.466799974E0,-1.190229988E1,-6.217000008E0
8.298432820E0,-1.118899941E0,-4.819499969E0,-9.656999707E-1
8.318284383E0,2.037099838E0,8.822599411E0,-6.014100075E0
8.338137508E0,2.467799902E0,7.646199703E0,-2.512699842E0
8.357990633E0,-4.957000017E-1,1.068699956E0,-1.387499928E0
8.377842195E0,-5.843699932E0,-5.525099754E0,2.678999901E-1
8.397695320E0,-4.215499878E0,-5.829999924E0,1.198699951E0
8.417548445E0,-1.485999942E0,-2.142899990E0,1.683200002E0
8.437401570E0,7.190999985E-1,-8.826999664E-1,1.852599978E0
8.457253133E0,2.573499918E0,-3.121999800E-1,8.447999954E-1
8.477106258E0,2.369699955E0,6.441999674E-1,5.246999860E-1
8.496959383E0,1.567999959E0,1.433699965E0,1.012099981E0
8.516810945E0,9.169999510E-2,1.696200013E0,5.622000098E-1
8.536664070E0,-1.679600000E0,1.404299974E0,-2.867999971E-1
8.556517195E0,-2.248100042E0,5.924999714E-1,-1.964000016E-1
8.576370320E0,-2.078899860E0,2.159999870E-2,-1.806999892E-1
8.596221883E0,-1.357999921E0,-2.291999906E-1,-2.234999985E-1
8.616075008E0,-2.010999918E-1,-6.269999593E-2,-2.364999950E-1
8.635926570E0,4.538999796E-1,3.375000060E-1,4.551999867E-1
8.655779695E0,5.428999662E-1,8.139999509E-1,1.683899999E0
8.675632820E0,2.754999995E-1,3.479999900E-1,1.503600001E0
8.695484383E0,1.406299949E0,-6.239999831E-2,1.131999940E-1
8.715337508E0,2.326499939E0,-6.040999889E-1,-6.417999864E-1
8.735190633E0,1.619699955E0,-1.130900025E0,-5.009999871E-2
8.755043758E0,-3.808999956E-1,-1.662299991E0,9.159999490E-1
8.774895320E0,-1.571299911E0,-1.915199995E0,3.543999791E-1
8.794748445E0,-2.494899988E0,-1.163200021E0,-1.291899920E0
8.814600008E0,-1.789799929E0,-1.104499936E0,-1.629699945E0
8.834453133E0,5.085999966E-1,-2.458600044E0,4.065999985E-1
8.854306258E0,9.761999846E-1,-4.072899818E0,2.240299940E0
8.874157820E0,-2.453999966E-1,-4.551700115E0,2.580299854E0
8.894010945E0,-2.653300047E0,-4.703599930E0,2.318999916E-1
8.913864070E0,-2.323400021E0,-4.187599659E0,-2.793999910E0
8.933715633E0,2.523999810E-1,-3.500699997E0,-2.103800058E0
8.953568758E0,3.720899820E0,-3.490999937E0,-2.537899971E0
8.973421883E0,5.567699909E0,-4.062500000E0,-2.119299889E0
8.993275008E0,4.890699863E0,-4.694200039E0,-1.729799986E0
9.013126570E0,3.824699879E0,-3.850299835E0,-8.052999973E-1
9.032979695E0,2.004999965E-1,-2.499899864E0,1.944499969E0
9.052832820E0,-2.397099972E0,-2.707700014E0,7.662000060E-1
9.072684383E0,-4.143899918E0,-2.142999887E0,1.541499972E0
9.092537508E0,-3.818499804E0,-1.654799938E0,5.752999783E-1
9.112390633E0,-1.741499901E0,-1.111999989E0,-4.333999753E-1
9.132242195E0,9.460999966E-1,-4.104999900E-1,-1.334200025E0
9.152095320E0,1.995599985E0,1.220499992E0,-1.412599921E0
9.171948445E0,1.801099896E0,2.576400042E0,-9.747999907E-1
9.191801570E0,1.346400023E0,4.092099667E0,8.969999850E-2
9.211653133E0,6.887999773E-1,5.312299728E0,1.177999973E0
9.231506258E0,1.732999980E-1,5.800199986E0,1.805199981E0
9.251359383E0,-1.487699986E0,5.940799713E0,1.816199899E0
9.271210945E0,-3.000299931E0,5.409100056E0,1.592099905E0
9.291064070E0,-4.446300030E0,4.852499962E0,1.126099944E0
9.310917195E0,-5.572400093E0,4.416500092E0,7.597999573E-1
9.330776570E0,-5.818099976E0,4.567699909E0,3.638999760E-1
9.350621883E0,-3.918900013E0,2.878599882E0,9.414999485E-1
9.370475008E0,1.053999960E-1,-1.908800006E0,7.207200050E0
9.390328133E0,3.900799990E0,-1.053230000E1,1.165059948E1
9.410179695E0,5.557300091E0,-2.014509964E1,7.577699661E0
9.430032820E0,1.844799995E0,-1.164540005E1,4.918999672E0
9.449885945E0,-2.227900028E0,1.996599913E0,2.584399939E0
9.469739070E0,-2.169800043E0,9.649099350E0,-7.924999595E-1
9.489590633E0,-3.956999779E-1,4.112299919E0,-4.842999935E0
9.509443758E0,2.074499846E0,-9.303400040E0,-7.586099625E0
9.529296883E0,3.892099857E0,-1.618070030E1,-6.577999592E-1
9.549148445E0,2.796700001E0,-8.095299721E0,-1.509099960E0
9.569001570E0,2.837899923E0,4.194399834E0,-5.267299652E0
9.588854695E0,2.215199947E0,8.878499985E0,-5.228300095E0
9.608706258E0,-1.039999947E-1,3.768199921E0,-3.815699816E0
9.628559383E0,-3.600899935E0,-2.474299908E0,-1.771000028E-1
9.648412508E0,-5.208999634E0,-5.557399750E0,2.990000010E0
9.668264070E0,-3.274199963E0,-4.396500111E0,3.049599886E0
9.688117195E0,-1.360499978E0,-2.357599974E0,2.504799843E0
9.707970320E0,3.721999824E-1,-6.299999952E-1,2.614599943E0
9.727823445E0,2.045099974E0,7.400999665E-1,3.160399914E0
9.747675008E0,1.571399927E0,1.854699969E0,4.075999856E-1
9.767528133E0,2.396999896E-1,1.050300002E0,-1.210699916E0
9.787381258E0,-8.333999515E-1,-9.109999985E-2,-4.386000037E-1
9.807234383E0,-1.004899979E0,-2.558999956E-1,-5.108999610E-1
9.827085945E0,9.999999776E-3,4.505999982E-1,1.004999951E-1
9.846939070E0,8.350999951E-1,1.072999984E-1,7.362999916E-1
9.866792195E0,1.054999977E-1,-1.023999974E-1,7.532999516E-1
9.886643758E0,-2.642999887E-1,2.863000035E-1,9.986999631E-1
9.906496883E0,2.010999918E-1,6.389999986E-1,-2.119999975E-1
9.926348445E0,1.902899981E0,6.459000111E-1,-1.433300018E0
9.946201570E0,2.363499880E0,-1.940999925E-1,-7.529999614E-1
9.966054695E0,3.772999942E-1,-9.778999686E-1,6.277999878E-1
9.985906258E0,-2.344300032E0,-1.917599916E0,5.236999989E-1
1.000575938E1,-2.948199987E0,-1.384099960E0,-5.483999848E-1
1.002561251E1,-2.466300011E0,2.815999985E-1,-1.509699941E0
1.004546563E1,-5.503000021E-1,-8.028999567E-1,-7.080999613E-1
1.006531720E1,2.295500040E0,-2.412400007E0,2.068399906E0
1.008517032E1,1.296800017E0,-3.720499992E0,2.685600042E0
1.010502344E1,-3.686999977E-1,-4.179599762E0,8.958999515E-1
1.012487501E1,-1.038499951E0,-4.118799686E0,1.780999899E-1
1.014472813E1,-9.117999673E-1,-3.450399876E0,-1.537199974E0
1.016457970E1,6.218999624E-1,-3.118099928E0,-1.481299996E0
1.018443438E1,2.614300013E0,-2.855099916E0,-1.672999978E0
1.020428594E1,3.736799955E0,-3.251999855E0,-1.376399994E0
1.022413751E1,3.376399994E0,-5.018799782E0,-1.703299999E0
1.024399063E1,2.142600060E0,-5.320399761E0,-1.810099959E0
1.026384376E1,-7.679999620E-2,-3.478799820E0,3.319999948E-2
1.028369688E1,-6.423000097E-1,-2.049900055E0,1.754899979E0
1.030354844E1,-4.612999856E-1,-1.063699961E0,1.603899956E0
1.032340157E1,-1.213899970E0,-7.680000067E-1,4.743999839E-1
1.034325470E1,-9.967999458E-1,-1.062199950E0,-1.007599950E0
1.036310782E1,-8.460999727E-1,-9.772999883E-1,-1.185599923E0
1.038296094E1,1.655000001E-1,-4.017999768E-1,-8.360999823E-1
1.040281251E1,4.946999848E-1,9.883999825E-1,-7.640999556E-1
1.042266407E1,2.795999944E-1,2.385400057E0,1.200999990E-1
1.044251720E1,4.285999835E-1,3.826799870E0,7.917000055E-1
1.046237032E1,5.507000089E-1,5.716300011E0,1.606899977E0
1.048222344E1,-1.083000004E-1,6.275699615E0,1.437099934E0
1.050207501E1,-1.346099973E0,6.231499672E0,1.135699987E0
1.052192813E1,-2.802399874E0,5.727599621E0,6.424999833E-1
1.054178126E1,-3.642400026E0,4.596600056E0,4.010000080E-2
1.056163438E1,-3.787299871E0,3.850999832E0,-7.449999452E-2
1.058149220E1,-2.984200001E0,2.589900017E0,6.575999856E-1
1.060133907E1,-1.240599990E0,6.486999989E-1,2.437500000E0
1.062119220E1,7.170999646E-1,-1.831799984E0,4.244199753E0
1.064104532E1,2.999300003E0,-5.979799747E0,7.608199596E0
1.066089844E1,2.888799906E0,-1.108650017E1,5.390500069E0
1.068075001E1,8.553999662E-1,-9.453899384E0,2.605799913E0
1.070060157E1,-3.639999777E-2,-3.737399817E0,2.061899900E0
1.072045470E1,3.270799875E0,-2.861899853E0,2.866499901E0
1.074030782E1,3.695799828E0,-6.034299850E0,-9.192000031E-1
1.076015938E1,2.451900005E0,-8.773300171E0,-6.180899620E0
1.078001251E1,-1.541999936E0,-4.236299992E0,-1.442600012E0
1.079986563E1,-1.499400020E0,2.633699894E0,-6.594399929E0
1.081971876E1,8.337000012E-1,7.266199589E0,-3.730799913E0
1.083957032E1,7.944999933E-1,4.514499664E0,-1.806499958E0
1.085942345E1,-9.472000003E-1,-6.211000085E-1,1.002200007E0
1.087927501E1,-3.993799925E0,-4.348099709E0,2.730700016E0
1.089912813E1,-2.534899950E0,-3.478999853E0,1.724299908E0
1.091898126E1,-2.245000005E-1,-1.710500002E0,1.916099906E0
1.093883438E1,9.836999774E-1,-9.648000002E-1,2.130499840E0
1.095868595E1,2.309000015E0,-9.049999714E-2,1.908899903E0
1.097853907E1,1.987599969E0,8.472999930E-1,1.272300005E0
1.099839220E1,6.001999974E-1,1.620899916E0,1.359999925E-2
1.101824376E1,-1.153100014E0,1.342700005E0,-8.668999672E-1
1.103809688E1,-2.027400017E0,2.159999907E-1,-2.815999985E-1
1.105795001E1,-2.097599983E0,-3.058999777E-1,7.944999933E-1
1.107780157E1,-1.492299914E0,-4.719999805E-2,3.412999809E-1
1.109765470E1,-6.599000096E-1,4.781000018E-1,-5.995999575E-1
1.111750782E1,2.893999815E-1,8.740999699E-1,-9.544000030E-1
1.113736095E1,1.083799958E0,1.016600013E0,-7.310000062E-1
1.115721251E1,1.768000007E0,7.991999984E-1,5.022999644E-1
1.117706563E1,1.501699924E0,2.500000000E-1,5.913000107E-1
1.119691876E1,5.205000043E-1,-4.025999904E-1,6.245999932E-1
1.121677032E1,-5.893999934E-1,-7.892999649E-1,4.861999750E-1
1.123662345E1,-5.489000082E-1,-1.423399925E0,-8.119999617E-2
1.125647657E1,-4.858999848E-1,-1.303399920E0,-4.866999984E-1
1.127632813E1,-1.237100005E0,-7.260000110E-1,-9.516999722E-1
1.129618126E1,-1.320099950E0,-1.659399986E0,-8.366000056E-1
1.131603438E1,1.649999917E-1,-2.637599945E0,1.056399941E0
1.133588751E1,7.254999876E-1,-3.404299974E0,2.479199886E0
1.135573907E1,-4.116999805E-1,-3.775699854E0,9.290999770E-1
1.137559063E1,-1.739499927E0,-3.493399858E0,7.644000053E-1
1.139544376E1,-1.642699957E0,-3.271399975E0,-4.135999978E-1
1.141529688E1,2.467999905E-1,-2.714299917E0,-9.910999537E-1
1.143514845E1,2.385900021E0,-2.297199965E0,-1.214900017E0
1.145500313E1,3.832199812E0,-2.014400005E0,-1.523199916E0
1.147485470E1,3.558899879E0,-2.918599844E0,-1.177799940E0
1.149470782E1,2.193599939E0,-4.807899952E0,-1.887899995E0
1.151455938E1,1.227900028E0,-4.784899712E0,-1.450899959E0
1.153441251E1,-1.386999935E-1,-3.371500015E0,4.869999737E-2
1.155426563E1,-7.506999969E-1,-2.105799913E0,1.626399994E0
1.157411720E1,-7.400999665E-1,-1.224200010E0,1.424199939E0
1.159397032E1,-1.010800004E0,-1.168900013E0,3.653999865E-1
1.161382345E1,-9.213999510E-1,-1.374400020E0,-5.166000128E-1
1.163367657E1,-5.449999571E-1,-1.344099998E0,-7.231999636E-1
1.165352813E1,1.649999917E-1,-7.116000056E-1,-6.498000026E-1
1.167338126E1,5.295000076E-1,6.283000112E-1,-2.784000039E-1
1.169323438E1,1.740999967E-1,2.581099987E0,3.610000014E-2
1.171308595E1,6.130999923E-1,4.294499874E0,2.724999785E-1
1.173293907E1,8.022999763E-1,5.518599987E0,7.591999769E-1
1.175279220E1,2.096000016E-1,6.277799606E0,9.034999609E-1
1.177264376E1,-1.299199939E0,6.234999657E0,8.097999692E-1
1.179249688E1,-3.037799835E0,5.422899723E0,6.536999941E-1
1.181235001E1,-4.498499870E0,4.601900101E0,1.456999928E-1
1.183220782E1,-5.414899826E0,4.066800117E0,-1.692000031E-1
1.185205470E1,-4.675499916E0,3.448699951E0,-1.840000004E-1
1.187190782E1,-1.071099997E0,3.037000000E-1,2.898999929E0
1.189176095E1,1.162999988E0,-3.933899879E0,6.113800049E0
1.191161251E1,2.740299940E0,-1.177330017E1,8.939799309E0
1.193146563E1,1.672399998E0,-1.344939995E1,8.623799324E0
1.195131876E1,-1.433699965E0,-4.913399696E0,5.056099892E0
1.197117188E1,-2.540099859E0,2.202999830E0,4.052899837E0
1.199102345E1,-1.381299973E0,1.251699924E0,2.782099962E0
1.201087657E1,1.225999966E-1,-6.704299927E0,-5.175899982E0
1.203072970E1,3.256599903E0,-1.262969971E1,-8.517499924E0
1.205058126E1,1.599099994E0,-5.924699783E0,-1.982999921E0
1.207043438E1,4.169300079E0,4.047199726E0,-6.191400051E0
1.209028751E1,6.059199810E0,8.765500069E0,-2.504099846E0
1.211013907E1,2.283799887E0,4.058799744E0,-1.721899986E0
1.212999220E1,-4.629699707E0,-3.169499874E0,9.600999951E-1
1.214984532E1,-6.943999767E0,-7.021299839E0,8.036999702E-1
1.216969688E1,-3.722499847E0,-4.040199757E0,6.800999641E-1
1.218955001E1,-1.065099955E0,-1.113799930E0,2.055299997E0
1.220940313E1,4.569000006E-1,-1.341999918E-1,3.304499865E0
1.222925626E1,1.166299939E0,-2.070999891E-1,2.895399809E0
1.224910782E1,8.477999568E-1,4.368000031E-1,1.407599926E0
1.226896094E1,3.858999908E-1,1.566200018E0,-9.181999564E-1
1.228881407E1,-1.797999889E-1,1.467000008E0,-1.277599931E0
1.230866563E1,-7.069999576E-1,1.578999907E-1,-1.251000017E-1
1.232851876E1,-9.757999778E-1,-3.150000051E-2,8.048999906E-1
1.234837188E1,-9.686999917E-1,8.559999615E-2,7.615999579E-1
1.236822344E1,-8.260999918E-1,3.127999902E-1,-2.299999893E-1
1.238807657E1,3.832999766E-1,6.022999883E-1,-5.879999995E-1
1.240792970E1,1.547500014E0,7.560999990E-1,-7.897999883E-1
1.242778126E1,2.245899916E0,1.126099944E0,-8.276000023E-1
1.244763438E1,2.016700029E0,1.416899920E0,-6.800999641E-1
1.246748751E1,7.251999974E-1,4.432999790E-1,3.046999872E-1
1.248734063E1,-1.177999973E0,-2.665999830E-1,1.047799945E0
1.250719220E1,-1.970099926E0,-1.217499971E0,4.559999704E-2
1.252704532E1,-1.310299993E0,-1.682899952E0,-7.659999728E-1
1.254689844E1,-1.101799965E0,-9.645999670E-1,-8.654999733E-1
1.256675001E1,-7.282999754E-1,-1.507200003E0,-9.189999849E-2
1.258660313E1,8.109999895E-1,-2.934700012E0,2.003499985E0
1.260645626E1,-1.869999915E-1,-3.958899975E0,2.694900036E0
1.262630782E1,-1.877699971E0,-4.949199677E0,1.193000004E-1
1.264616094E1,-1.735599995E0,-4.563600063E0,-1.112399936E0
1.266601251E1,6.710999608E-1,-3.535899878E0,-5.460999608E-1
1.268586563E1,2.632200003E0,-2.619099855E0,-5.579999834E-2
1.270571876E1,3.677799940E0,-1.881599903E0,-5.850999951E-1
1.272557032E1,3.050699949E0,-3.182699919E0,-1.920799971E0
1.274542344E1,2.249199867E0,-5.553799629E0,-3.300599813E0
1.276527657E1,1.152300000E0,-5.608599663E0,-2.749099970E0
1.278512970E1,3.500000015E-2,-4.515799999E0,7.694000006E-1
1.280498282E1,-2.585999966E-1,-3.508099794E0,2.787600040E0
1.282483438E1,-5.440999866E-1,-1.882399917E0,1.968400002E0
1.284468751E1,-9.169999957E-1,-9.499999881E-1,3.425000012E-1
1.286454063E1,-1.186599970E0,-7.980999947E-1,-1.202399969E0
1.288439376E1,-5.045999885E-1,-5.787000060E-1,-1.324499965E0
1.290424532E1,-5.799999926E-3,3.902999759E-1,-1.292500019E0
1.292409688E1,5.810000002E-2,1.821399927E0,-6.457999945E-1
1.294395001E1,2.228999883E-1,3.249099970E0,1.627999991E-1
1.296380313E1,8.323999643E-1,4.718699932E0,1.146600008E0
1.298365626E1,7.931999564E-1,5.821199894E0,1.532699943E0
1.300350782E1,3.879999742E-2,6.872200012E0,1.402899981E0
1.302336094E1,-2.264499903E0,7.337899685E0,1.179099917E0
1.304321407E1,-4.488100052E0,6.188199997E0,7.152000070E-1
1.306306563E1,-5.546000004E0,4.916500092E0,2.516999841E-1
1.308292501E1,-6.158799648E0,3.844999790E0,-8.359999955E-2
1.310277188E1,-4.713599682E0,2.715499878E0,-4.235999882E-1
1.312262344E1,-1.191599965E0,-1.891999990E-1,3.230599880E0
1.314247657E1,2.019999981E0,-5.999199867E0,1.155189991E1
1.316232970E1,6.208499908E0,-2.024670029E1,1.030729961E1
1.318218282E1,4.600599766E0,-1.740369987E1,4.787099838E0
1.320203438E1,-6.786999702E-1,-1.909899950E0,2.479599953E0
1.322188751E1,-1.538999915E0,8.456500053E0,8.555999994E-1
1.324174063E1,6.179999933E-2,6.624499798E0,-1.961999983E-1
1.326159220E1,3.683999777E-1,-5.141599655E0,-7.184599876E0
1.328144532E1,1.318199992E0,-1.559519958E1,-3.065199852E0
1.330129844E1,1.389999986E-1,-5.349899769E0,-5.035099983E0
1.332115157E1,2.881299973E0,7.565099716E0,-4.168299675E0
1.334100313E1,3.787099838E0,7.987599850E0,-2.377599955E0
1.336085626E1,1.229999959E-2,2.291399956E0,-5.868999958E-1
1.338070938E1,-4.507499695E0,-3.230399847E0,1.333699942E0
1.340056094E1,-4.588999748E0,-3.807600021E0,9.291999936E-1
1.342041407E1,-2.723899841E0,-1.626500010E0,1.492499948E0
1.344026720E1,-1.052699924E0,-1.410899997E0,2.330699921E0
1.346011876E1,3.610000014E-1,-2.397199869E0,2.608099937E0
1.347997188E1,1.321299911E0,-1.653100014E0,2.570899963E0
1.349982501E1,1.535499930E0,6.529999971E-1,1.582399964E0
1.351967657E1,3.585999906E-1,2.092299938E0,-8.942999840E-1
1.353952970E1,-6.032999754E-1,1.466499925E0,-9.473999739E-1
1.355938282E1,-9.867999554E-1,3.811999857E-1,-2.868999839E-1
1.357923594E1,-1.178099990E0,-2.199999988E-1,9.749999642E-2
1.359908751E1,-8.125000000E-1,1.046999991E-1,-2.811999917E-1
1.361894063E1,-8.249999583E-2,5.608999729E-1,-5.525000095E-1
1.363879376E1,9.062999487E-1,6.936999559E-1,5.599999800E-3
1.365864532E1,1.515399933E0,3.366000056E-1,7.333999872E-1
1.367849844E1,9.011999965E-1,1.794999987E-1,7.023999691E-1
1.369835157E1,2.230999917E-1,3.209999949E-2,-4.559999704E-2
1.371820470E1,1.475999951E-1,3.000999987E-1,-1.015799999E0
1.373805626E1,8.161000013E-1,-1.523000002E-1,-1.225099921E0
1.375790938E1,6.865999699E-1,-6.805999875E-1,-2.609999850E-2
1.377776094E1,-4.645999968E-1,-1.347700000E0,1.126699924E0
1.379761407E1,-1.583599925E0,-1.763099909E0,1.176199913E0
1.381746720E1,-2.480700016E0,-1.025599957E0,-2.011999935E-1
1.383732032E1,-1.969599962E0,-9.062999487E-1,-1.070699930E0
1.385717344E1,7.544999719E-1,-2.129600048E0,5.783999562E-1
1.387702501E1,1.292599916E0,-3.866499901E0,2.695899963E0
1.389687813E1,-2.322999984E-1,-4.170399666E0,3.682000041E-1
1.391673126E1,-1.464200020E0,-4.226500034E0,4.899999872E-2
1.393658282E1,-1.186999917E0,-3.040599823E0,-1.544899940E0
1.395643594E1,1.159299970E0,-1.827699900E0,-9.873999953E-1
1.397628751E1,3.502499819E0,-1.881599903E0,-1.542000026E-1
1.399614063E1,3.306799889E0,-3.130100012E0,-2.277400017E0
1.401599376E1,2.751799822E0,-6.146499634E0,-3.623600006E0
1.403584532E1,1.093400002E0,-5.571300030E0,-1.195099950E0
1.405569844E1,1.771000028E-1,-3.764799833E0,1.081799984E0
1.407555001E1,1.809999906E-2,-2.523099899E0,1.312199950E0
1.409540313E1,-7.726999521E-1,-1.402699947E0,1.738899946E0
1.411525782E1,-1.510100007E0,-9.713999629E-1,8.500999808E-1
1.413511095E1,-2.313899994E0,-9.638999701E-1,-8.312000036E-1
1.415496251E1,-5.963000059E-1,-4.180999994E-1,-1.261500001E0
1.417481563E1,7.315999866E-1,4.702999890E-1,-1.865599990E0
1.419466720E1,1.402999997E0,1.641399980E0,-7.856000066E-1
1.421451876E1,1.192299962E0,2.878899813E0,-2.173999995E-1
1.423437345E1,9.977999926E-1,3.845799923E0,6.815999746E-1
1.425422657E1,7.131999731E-1,5.211699963E0,1.756299973E0
1.427407813E1,-4.296000004E-1,5.839299679E0,1.818399906E0
1.429392970E1,-2.153599977E0,6.047199726E0,1.708299994E0
1.431378438E1,-3.850899935E0,5.087199688E0,1.364499927E0
1.433364063E1,-5.216700077E0,3.993099928E0,9.472999573E-1
1.435348907E1,-5.882599831E0,4.021999836E0,3.947999775E-1
1.437334220E1,-3.816499949E0,2.838299990E0,4.236999750E-1
1.439319376E1,-4.939000010E-1,3.689999878E-1,2.777099848E0
1.441304688E1,1.250800014E0,-3.446699858E0,5.280900002E0
1.443290001E1,3.122599840E0,-1.034000015E1,8.502599716E0
1.445275157E1,2.375799894E0,-1.369129944E1,7.239500046E0
1.447260470E1,-6.024999619E-1,-7.600299835E0,3.958199978E0
1.449245782E1,-1.615499973E0,7.811999917E-1,3.241899967E0
1.451230938E1,4.120000079E-2,2.975399971E0,4.121200085E0
1.453216251E1,-6.338999867E-1,-2.551800013E0,-5.106999874E-1
1.455201563E1,1.451299906E0,-1.114589977E1,-9.201499939E0
1.457186876E1,5.679999590E-1,-8.852899551E0,-4.820399761E0
1.459172032E1,4.314399719E0,-4.144999981E-1,-5.256899834E0
1.461157345E1,7.284999847E0,8.760299683E0,-1.382699966E0
1.463142501E1,3.473899841E0,7.139599800E0,-1.810699940E0
1.465127813E1,-3.488499880E0,5.662999749E-1,7.159999609E-1
1.467113126E1,-7.759299755E0,-6.328799725E0,4.617999792E-1
1.469098282E1,-5.849099636E0,-5.745500088E0,3.499999940E-1
1.471083595E1,-1.886699915E0,-2.676499844E0,1.454899907E0
1.473068907E1,7.053999901E-1,-1.109099984E0,3.417500019E0
1.475054063E1,2.322200060E0,1.484999955E-1,2.814999819E0
1.477039376E1,1.804399967E0,1.410699964E0,9.060999751E-1
1.479024688E1,2.861000001E-1,1.947499990E0,-1.661299944E0
1.481010001E1,-8.549999595E-1,1.287999988E0,-1.813399911E0
1.482995782E1,-1.213099957E0,3.519999981E-2,5.849999934E-2
1.484980470E1,-9.085999727E-1,6.419999897E-2,1.225799918E0
1.486965782E1,-5.774999857E-1,4.536999762E-1,1.444000006E0
1.488950938E1,-6.184999943E-1,6.391999722E-1,6.753999591E-1
1.490936251E1,1.829999872E-2,4.580999911E-1,-1.569999941E-2
1.492921563E1,6.916999817E-1,6.471999884E-1,-2.620000020E-2
1.494906720E1,1.204499960E0,7.141000032E-1,-3.680999875E-1
1.496892032E1,6.631000042E-1,1.440999955E-1,-3.023999929E-1
1.498877345E1,-4.324999750E-1,-4.091999829E-1,8.138999939E-1
1.500862657E1,-2.669000030E-1,-3.601000011E-1,3.325999975E-1
1.502847813E1,7.720999718E-1,-8.021000028E-1,-6.455999613E-1
1.504833126E1,-5.439999700E-2,-7.759000063E-1,-9.990999699E-1
1.506818438E1,-2.367300034E0,-1.010100007E0,-1.462899923E0
1.508803595E1,-2.611599922E0,-2.353199959E0,-1.030200005E0
1.510788907E1,-1.307999939E-1,-3.507799864E0,1.749399900E0
1.512774220E1,1.223999977E0,-4.492799759E0,2.863199949E0
1.514759532E1,9.266999960E-1,-4.530900002E0,7.200999856E-1
1.516744688E1,-3.940999806E-1,-3.920699835E0,-4.859999940E-2
1.518730001E1,-6.484999657E-1,-3.709399939E0,-8.647999763E-1
1.520715157E1,6.876999736E-1,-3.095199823E0,-1.029199958E0
1.522700470E1,2.253900051E0,-2.849299908E0,-1.625399947E0
1.524685782E1,4.007899761E0,-3.152099848E0,-2.296200037E0
1.526670938E1,4.476799965E0,-3.973799944E0,-2.013499975E0
1.528656407E1,3.236099958E0,-4.032700062E0,-1.943399906E0
1.530641563E1,2.079599857E0,-3.290999889E0,-2.230999917E-1
1.532626876E1,2.180000022E-2,-2.131999969E0,1.478599906E0
1.534612032E1,-1.294399977E0,-1.324499965E0,1.782799959E0
1.536597345E1,-2.923499823E0,-7.619000077E-1,9.609999657E-1
1.538582501E1,-2.525699854E0,-8.482999802E-1,4.857999980E-1
1.540567813E1,-1.403199911E0,-6.500999928E-1,-2.005999982E-1
1.542553126E1,-4.547999799E-1,-3.862999976E-1,-4.991999865E-1
1.544538438E1,1.265599966E0,1.164600015E0,-9.837999940E-1
1.546523751E1,1.182299972E0,2.741199970E0,-9.600999951E-1
1.548508907E1,1.088999987E0,4.475299835E0,1.533999890E-1
1.550494220E1,7.292000055E-1,5.569099903E0,9.501000047E-1
1.552480001E1,-4.910999835E-1,5.950099945E0,1.400299907E0
1.554464845E1,-1.754299998E0,5.863399982E0,1.016899943E0
1.556450001E1,-3.130100012E0,5.039799690E0,4.880999923E-1
1.558435782E1,-4.259599686E0,4.548099995E0,-7.569999993E-2
1.560420470E1,-5.228799820E0,4.307399750E0,-5.959999934E-2
1.562405782E1,-3.907499790E0,3.450599909E0,2.926999927E-1
1.564390938E1,-1.243899941E0,1.446999907E0,2.107699871E0
1.566376251E1,7.954999804E-1,-3.041699886E0,6.546299934E0
1.568361563E1,2.246700048E0,-1.096679974E1,1.074730015E1
1.570346876E1,2.986799955E0,-1.588529968E1,7.802899837E0
1.572332032E1,1.561999917E-1,-7.409199715E0,4.081699848E0
1.574317345E1,-2.287099838E0,2.756500006E0,1.148800015E0
1.576302657E1,-2.775999904E-1,6.229300022E0,-1.368999928E-1
1.578287813E1,1.726099968E0,1.263700008E0,-4.799999714E0
1.580273126E1,4.272399902E0,-7.026199818E0,-6.619699955E0
1.582258438E1,3.661799908E0,-1.360999966E1,-2.222599983E0
1.584243595E1,1.118899941E0,-9.395699501E0,2.041300058E0
1.586228907E1,9.546999931E-1,2.792199850E0,-4.945199966E0
1.588214220E1,1.965299964E0,8.882100105E0,-3.598099947E0
1.590199376E1,1.279999912E-1,5.180099964E0,-4.263599873E0
1.592184688E1,-3.156199932E0,-6.979999542E-1,-1.726599932E0
1.594170001E1,-4.984200001E0,-5.697999954E0,2.040400028E0
1.596155313E1,-3.398000002E0,-4.922100067E0,2.198099852E0
1.598140470E1,-9.884999990E-1,-2.558399916E0,2.554600000E0
1.600125782E1,1.671999991E-1,-1.408800006E0,2.540699959E0
1.602111094E1,1.519099951E0,-3.290999830E-1,2.929699898E0
1.604096251E1,1.697999954E0,1.347499967E0,2.564399958E0
1.606081563E1,8.937000036E-1,1.860299945E0,9.049999714E-2
1.608066876E1,-2.287999988E-1,1.811699986E0,-1.762399912E0
1.610052032E1,-9.233999848E-1,3.312999904E-1,-8.592000008E-1
1.612037345E1,-1.430799961E0,-4.312999845E-1,-2.043000013E-1
1.614023126E1,-8.826999664E-1,1.948999912E-1,-4.208999872E-1
1.616007970E1,3.651999831E-1,4.750999808E-1,7.677999735E-1
1.617993126E1,1.129400015E0,-6.079999730E-2,1.626599908E0
1.619978438E1,1.181800008E0,-5.882999897E-1,1.234300017E0
1.621964220E1,5.170999765E-1,-2.123999894E-1,-3.684999943E-1
1.623948907E1,4.386000037E-1,4.519999772E-2,-1.786700010E0
1.625934220E1,4.935999811E-1,-2.333999872E-1,-9.891999960E-1
1.627919532E1,3.904999793E-1,-7.736999989E-1,4.712999761E-1
1.629904688E1,-6.265999675E-1,-1.610000014E0,5.428000093E-1
1.631890001E1,-2.024199963E0,-1.197399974E0,-5.903999805E-1
1.633875313E1,-2.554100037E0,-6.609999537E-1,-1.702699900E0
1.635860470E1,-6.344999671E-1,-1.320599914E0,-1.724999994E-1
1.637845782E1,1.504699945E0,-3.116699934E0,2.240999937E0
1.639831095E1,9.297999740E-1,-4.016600132E0,2.249599934E0
1.641816407E1,-5.534999967E-1,-3.856799841E0,1.041499972E0
1.643801563E1,-1.931299925E0,-3.497799873E0,-5.078999996E-1
1.645786876E1,-6.890999675E-1,-3.321499825E0,-5.241999626E-1
1.647772032E1,9.705999494E-1,-3.155099869E0,-6.894999743E-1
1.649757501E1,2.648599863E0,-3.036399841E0,-2.408900023E0
1.651742657E1,3.408299923E0,-3.879299879E0,-2.483399868E0
1.653727970E1,2.882099867E0,-4.737199783E0,-2.275899887E0
1.655713126E1,1.700599909E0,-3.930999994E0,-7.017999887E-1
1.657698438E1,1.137399912E0,-3.308300018E0,1.429600000E0
1.659683751E1,4.961999953E-1,-2.339999914E0,1.725399971E0
1.661668907E1,-6.922999620E-1,-1.529699922E0,6.347000003E-1
1.663654220E1,-1.551199913E0,-1.295699954E0,-2.441999912E-1
1.665639532E1,-1.811199903E0,-7.317000031E-1,-5.374000072E-1
1.667624688E1,-8.818999529E-1,-4.485999942E-1,-9.378999472E-1
1.669610001E1,3.111999929E-1,4.001999795E-1,-7.558999658E-1
1.671595313E1,5.414000154E-1,1.864599943E0,-4.729999974E-2
1.673580626E1,6.283999681E-1,3.398599863E0,2.259999961E-1
1.675565782E1,8.626999855E-1,5.239299774E0,1.024500012E0
1.677550938E1,3.648999929E-1,6.701699734E0,1.162599921E0
1.679536251E1,-1.154899955E0,7.012099743E0,1.037500024E0
1.681521720E1,-3.022899866E0,6.150399685E0,7.310999632E-1
1.683507501E1,-4.773999691E0,4.949800014E0,3.208999932E-1
1.685492188E1,-5.531899929E0,4.318799973E0,3.546999991E-1
1.687477345E1,-4.275199890E0,3.175699949E0,1.631999910E-1
1.689462813E1,-1.245199919E0,5.365999937E-1,2.764499903E0
1.691448438E1,1.863799930E0,-4.729899883E0,7.804599762E0
1.693433126E1,4.273200035E0,-1.444869995E1,9.515399933E0
1.695418438E1,2.496500015E0,-1.619309998E1,6.684299946E0
1.697403751E1,-8.748999834E-1,-6.002199650E0,4.138099670E0
1.699389063E1,-2.792799950E0,4.297899723E0,2.553099871E0
1.701374220E1,-1.428599954E0,6.131899834E0,2.184200048E0
1.703359532E1,1.409000009E-1,-2.674999952E0,-3.280299902E0
1.705344688E1,2.595199823E0,-1.216429996E1,-8.362699509E0
1.707330001E1,8.073999882E-1,-9.803999901E0,-1.585199952E0
1.709315313E1,4.041899681E0,-7.493999600E-1,-6.390500069E0
1.711300626E1,6.242300034E0,8.278399467E0,-2.900799990E0
1.713285782E1,4.099599838E0,6.195099831E0,-1.993899941E0
1.715271095E1,-2.474200010E0,-4.163999856E-1,-1.508999914E-1
1.717256407E1,-6.985899925E0,-5.940999985E0,-4.273999929E-1
1.719241563E1,-5.803699970E0,-4.833300114E0,-2.483000010E-1
1.721226876E1,-2.607100010E0,-2.301300049E0,2.255699873E0
1.723212188E1,-4.931999743E-1,-2.035500050E0,4.160900116E0
1.725197501E1,1.025599957E0,-1.705299973E0,3.349399805E0
1.727182657E1,1.257900000E0,-1.118999943E-1,2.738899946E0
1.729167970E1,1.254999995E0,1.474099994E0,1.526999921E-1
1.731153282E1,6.150999665E-1,1.927699924E0,-1.498399973E0
1.733138594E1,1.631999910E-1,9.325999618E-1,-4.505999982E-1
1.735123751E1,-2.443999946E-1,2.232999951E-1,2.708999813E-1
1.737109063E1,-4.584999979E-1,3.199999928E-1,2.903999984E-1
1.739094220E1,-5.241000056E-1,3.983999789E-1,-9.250000119E-2
1.741079532E1,-4.763999879E-1,3.465999961E-1,-1.381999999E-1
1.743064845E1,9.309999645E-2,4.017999768E-1,-5.845999718E-1
1.745050157E1,1.080899954E0,6.304999590E-1,-1.237299919E0
1.747035313E1,1.501500010E0,1.111799955E0,-1.134899974E0
1.749020626E1,1.203699946E0,7.008000016E-1,-3.844999969E-1
1.751005782E1,-1.714999974E-1,1.858000010E-1,7.741999626E-1
1.752991094E1,-1.419299960E0,-5.521000028E-1,5.335000157E-1
1.754976407E1,-1.878999949E0,-1.292099953E0,-1.739999950E-1
1.756961563E1,-2.076099873E0,-2.502999902E-1,-8.290999532E-1
1.758946876E1,-6.187999845E-1,-1.271899939E0,1.741999984E-1
1.760932657E1,1.203099966E0,-2.865200043E0,1.793900013E0
1.762917345E1,7.881999612E-1,-4.643199921E0,1.855299950E0
1.764902657E1,-6.945999861E-1,-5.106699944E0,7.479999661E-1
1.766887970E1,-1.503199935E0,-4.065700054E0,-2.870000005E-1
1.768873282E1,-7.996999621E-1,-3.312399864E0,-7.556999922E-1
1.770858438E1,2.160999924E-1,-3.215299845E0,-5.733999610E-1
1.772843751E1,2.649899960E0,-3.006399870E0,-9.174999595E-1
1.774829063E1,3.177899837E0,-3.091199875E0,-2.530499935E0
1.776814376E1,3.119799852E0,-4.518799782E0,-2.994699955E0
1.778799532E1,2.641099930E0,-5.301399708E0,-2.284699917E0
1.780784844E1,2.046700001E0,-4.162399769E0,-1.046999991E-1
1.782770157E1,1.586899996E0,-3.358500004E0,1.935299993E0
1.784755313E1,3.543999791E-1,-2.531899929E0,1.777799964E0
1.786740626E1,-8.478999734E-1,-1.864799976E0,7.279999852E-1
1.788725938E1,-2.268199921E0,-1.632399917E0,-1.088999957E-1
1.790711094E1,-2.030499935E0,-1.283699989E0,-3.713999987E-1
1.792696407E1,-1.102900028E0,-5.999999703E-4,-8.343999982E-1
1.794681720E1,1.289999951E-2,1.603599906E0,-9.856999516E-1
1.796666876E1,7.130999565E-1,3.336199999E0,-4.038999975E-1
1.798652188E1,9.473999739E-1,4.765899658E0,-7.360000163E-2
1.800637344E1,9.678999782E-1,6.035899639E0,9.432999492E-1
1.802622657E1,8.829999715E-2,6.634099960E0,1.622699976E0
1.804607970E1,-1.785899997E0,6.746199608E0,1.753600001E0
1.806593126E1,-3.807899952E0,6.082999706E0,1.606899977E0
1.808579063E1,-5.488899708E0,4.659399986E0,1.032500029E0
1.810563751E1,-6.234399796E0,3.794099808E0,2.691999972E-1
1.812549063E1,-4.536900043E0,2.401000023E0,2.879000008E-1
1.814534220E1,-9.080999494E-1,-5.177000165E-1,3.844199896E0
1.816519532E1,1.585500002E0,-5.681900024E0,8.588199615E0
1.818504844E1,5.050099850E0,-1.435299969E1,1.071570015E1
1.820490157E1,3.516199827E0,-1.402719975E1,5.869299889E0
1.822475470E1,-1.230199933E0,-4.381499767E0,2.925400019E0
1.824460626E1,-3.158299923E0,4.593999863E0,1.489300013E0
1.826445782E1,-1.928399920E0,6.672499657E0,1.689299941E0
1.828431094E1,3.461000025E-1,-4.779999703E-2,-6.414499760E0
1.830417032E1,6.582999706E0,-1.068919945E1,-4.804800034E0
1.832401720E1,3.868699789E0,-1.077239990E1,1.802999973E-1
1.834387032E1,1.754400015E0,-1.929600000E0,-4.707999706E0
1.836372188E1,1.722399950E0,8.088899612E0,-3.671299934E0
1.838357501E1,1.492399931E0,7.277599812E0,-2.908099890E0
1.840342657E1,-2.150699854E0,7.347999811E-1,-1.835799932E0
1.842327970E1,-6.675799847E0,-5.994699955E0,6.499999762E-1
1.844313282E1,-5.215899944E0,-7.045199871E0,2.290999889E-1
1.846298594E1,-1.546899915E0,-4.094099998E0,1.110800028E0
1.848283751E1,7.710999846E-1,-2.163599968E0,3.564699888E0
1.850269063E1,1.891499996E0,-1.397099972E0,2.610499859E0
1.852254376E1,1.600299954E0,1.046999991E-1,1.443399906E0
1.854239532E1,7.730999589E-1,1.197399974E0,-3.691000044E-1
1.856224844E1,5.444999933E-1,1.520699978E0,-1.595899940E0
1.858210157E1,-3.346999884E-1,9.531999826E-1,-3.125999868E-1
1.860195313E1,-4.080999792E-1,8.482999802E-1,8.052999973E-1
1.862180626E1,-6.240000129E-1,1.153599977E0,4.117999971E-1
1.864165938E1,-7.486000061E-1,1.476199985E0,-1.638000011E-1
1.866151251E1,-8.201999664E-1,1.270499945E0,-6.026999950E-1
1.868136407E1,-9.197999835E-1,1.182199955E0,-5.327999592E-1
1.870121720E1,1.682000011E-1,1.124699950E0,4.018999934E-1
1.872107032E1,1.129499912E0,1.049399972E0,1.008800030E0
1.874092188E1,9.693999887E-1,3.181999922E-1,1.046800017E0
1.876077501E1,-4.863999784E-1,-6.405999660E-1,9.892999530E-1
1.878062813E1,-1.679299951E0,-1.476400018E0,5.548999906E-1
1.880048126E1,-7.486999631E-1,-2.193199873E0,7.140000165E-2
1.882033282E1,1.107499957E0,-1.819799900E0,-2.953999937E-1
1.884018594E1,6.837999821E-1,-1.182799935E0,-5.374999642E-1
1.886003751E1,1.799999923E-1,-1.826399922E0,-5.015000105E-1
1.887989063E1,1.985999942E-1,-2.389799833E0,3.944000006E-1
1.889974220E1,3.850999773E-1,-3.429999828E0,1.127699971E0
1.891959688E1,-8.170999885E-1,-4.170399666E0,1.316100001E0
1.893944844E1,-2.523599863E0,-3.714299917E0,1.139699936E0
1.895930157E1,-3.463799953E0,-3.009299994E0,-1.252099991E0
1.897915470E1,-8.514999747E-1,-3.594399929E0,-1.682699919E0
1.899901251E1,1.852499962E0,-3.752300024E0,-2.825000048E0
1.901885938E1,5.064799786E0,-3.716199875E0,-4.289999962E0
1.903871095E1,5.473000050E0,-5.230899811E0,-1.220899940E0
1.905856407E1,3.753799915E0,-4.570499897E0,-4.874999821E-1
1.907841720E1,2.015300035E0,-3.495299816E0,1.470899940E0
1.909826876E1,-9.329999983E-2,-2.668900013E0,1.558200002E0
1.911812188E1,-2.040299892E0,-2.055799961E0,1.005599976E0
1.913797657E1,-2.996399879E0,-1.755800009E0,3.375999928E-1
1.915782657E1,-3.247399807E0,-2.409100056E0,-4.843999743E-1
1.917768126E1,-1.115199924E0,-1.747299910E0,-8.198999763E-1
1.919753282E1,4.415999949E-1,-1.859999895E-1,-1.294499993E0
1.921738594E1,1.374699950E0,1.720799923E0,-1.217100024E0
1.923723751E1,1.703699946E0,3.688399792E0,-7.224999666E-1
1.925709063E1,1.939199924E0,4.979899883E0,3.378999829E-1
1.927694376E1,1.276600003E0,5.716199875E0,1.610499978E0
1.929679688E1,-2.610999942E-1,5.506099701E0,2.068300009E0
1.931665001E1,-2.243499994E0,4.860300064E0,1.973599911E0
1.933650157E1,-4.413799763E0,4.465899944E0,1.953999996E0
1.935635470E1,-6.053999901E0,4.331500053E0,1.592599988E0
1.937620626E1,-5.858099937E0,3.931999922E0,8.894999623E-1
1.939605938E1,-4.618700027E0,2.396699905E0,8.637999892E-1
1.941591251E1,-1.990799904E0,-1.854099989E0,4.828199863E0
1.943576407E1,1.210500002E0,-1.017570019E1,7.599899769E0
1.945561720E1,2.739300013E0,-1.618029976E1,7.669699669E0
1.947547032E1,6.087999940E-1,-9.173699379E0,6.827600002E0
1.949532188E1,-3.118199825E0,8.679999709E-1,3.719699860E0
1.951517501E1,-1.303399920E0,4.411799908E0,1.097599983E0
1.953502813E1,5.821999907E-1,-3.690399885E0,-4.608900070E0
1.955487970E1,4.979199886E0,-1.599779987E1,-5.555299759E0
1.957473282E1,2.096600056E0,-1.384869957E1,4.714999795E-1
1.959458595E1,2.140399933E0,-6.029999852E-1,-6.700599670E0
1.961443907E1,4.382400036E0,1.210400009E1,-5.557499886E0
1.963429063E1,4.230400085E0,8.156999588E0,-4.361199856E0
1.965414376E1,-9.108999968E-1,-2.078000009E-1,-1.233999968E0
1.967399688E1,-5.193899632E0,-7.892399788E0,1.779899955E0
1.969385470E1,-4.733799934E0,-7.027799606E0,2.510099888E0
1.971370157E1,-2.828599930E0,-2.972599983E0,2.884099960E0
1.973355470E1,-9.598999619E-1,-9.659999609E-1,2.594899893E0
1.975340626E1,1.333699942E0,-8.429999948E-1,2.433799982E0
1.977325938E1,1.092499971E0,1.949999928E-1,1.756599903E0
1.979311251E1,2.773999870E-1,1.273100019E0,6.309999526E-2
1.981296407E1,-1.043799996E0,7.532999516E-1,-8.061999679E-1
1.983281720E1,-1.338599920E0,1.036999971E-1,-6.847000122E-1
1.985267032E1,-9.167999625E-1,4.079999924E-1,-3.465999961E-1
1.987252345E1,-2.833999991E-1,5.514000058E-1,-1.867999882E-1
1.989237501E1,3.658999801E-1,5.159999728E-1,1.030000020E-2
1.991222813E1,1.100399971E0,1.495999992E-1,3.341999948E-1
1.993208126E1,1.616599917E0,-5.900000036E-2,1.058699965E0
1.995193282E1,1.294999957E0,1.994999945E-1,1.376500010E0
1.997178594E1,1.274399996E0,5.126999617E-1,2.158999890E-1
1.999163907E1,9.468999505E-1,1.232999936E-1,-4.605000019E-1
2.001149220E1,-2.883999944E-1,-3.983999789E-1,1.729999930E-1
2.003134376E1,-1.280399919E0,-1.052899957E0,1.001999974E-1
2.005119688E1,-2.015100002E0,-1.448899984E0,-8.262999654E-1
2.007105001E1,-2.448600054E0,-4.328999817E-1,-1.671000004E0
2.009090157E1,-1.686399937E0,-8.386999965E-1,-1.217700005E0
2.011075470E1,1.082599998E0,-2.523000002E0,6.216999888E-1
2.013060782E1,2.013700008E0,-3.994399786E0,2.229500055E0
2.015046095E1,8.975999951E-1,-4.176000118E0,1.659399986E0
2.017031251E1,-3.942999840E-1,-4.021500111E0,-1.193999946E-1
2.019016563E1,-9.236999750E-1,-3.502099991E0,-1.488600016E0
2.021001876E1,7.426999807E-1,-2.894799948E0,-7.807999849E-1
2.022987032E1,2.405099869E0,-2.320199966E0,-1.029699922E0
2.024972344E1,3.179699898E0,-2.765899897E0,-2.026599884E0
2.026957657E1,3.065199852E0,-4.061399937E0,-1.803200006E0
2.028942970E1,2.270599842E0,-4.699500084E0,-1.444999933E0
2.030928126E1,3.996999860E-1,-3.811899900E0,1.074999943E-1
2.032913438E1,-5.970000029E-1,-2.568899870E0,1.205600023E0
2.034898595E1,-1.242100000E0,-1.610199928E0,1.468699932E0
2.036883907E1,-1.764499903E0,-1.128799915E0,7.278999686E-1
2.038869688E1,-8.976999521E-1,-8.284999728E-1,-1.287999898E-1
2.040854376E1,-8.158999681E-1,-6.796000004E-1,-1.176800013E0
2.042839688E1,8.200000040E-3,-4.758999944E-1,-9.341999888E-1
2.044825001E1,5.206999779E-1,7.238999605E-1,-7.243999839E-1
2.046810157E1,1.223399997E0,2.927999973E0,-2.022999972E-1
2.048795470E1,1.476799965E0,4.493899822E0,7.035999894E-1
2.050780782E1,9.444999695E-1,5.746599674E0,1.090700030E0
2.052765938E1,-5.500999689E-1,6.210000038E0,1.428799987E0
2.054751251E1,-2.605799913E0,5.650300026E0,1.258299947E0
2.056736407E1,-4.306999683E0,4.962199688E0,8.162999749E-1
2.058722345E1,-5.575099945E0,4.695699692E0,3.237999976E-1
2.060707032E1,-5.542799950E0,4.459000111E0,-8.699999750E-2
2.062692345E1,-3.351099968E0,3.232999802E0,4.993999898E-1
2.064677501E1,-6.297999620E-1,-4.490999877E-1,4.555099964E0
2.066662813E1,2.006399870E0,-7.102799892E0,8.319099426E0
2.068648126E1,4.233399868E0,-1.491449928E1,7.609699726E0
2.070633438E1,2.568799973E0,-1.217019939E1,4.843499660E0
2.072618751E1,-1.248499990E0,-3.495800018E0,3.190599918E0
2.074603907E1,-1.837999970E-1,7.874999642E-1,2.866299868E0
2.076589063E1,-3.516999781E-1,-2.489899874E0,-2.495100021E0
2.078574532E1,2.535399914E0,-8.616700172E0,-6.524699688E0
2.080559688E1,2.084199905E0,-8.480999947E0,-3.076299906E0
2.082545001E1,2.172499895E0,-1.344999969E-1,-7.580399990E0
2.084530313E1,3.638700008E0,7.246999741E0,-2.101799965E0
2.086515470E1,1.971300006E0,5.785899639E0,-1.375499964E0
2.088500782E1,-2.045399904E0,4.531999826E-1,-4.219000041E-1
2.090485938E1,-5.286200047E0,-4.309099674E0,1.022400022E0
2.092471251E1,-4.713900089E0,-4.025899887E0,9.404000044E-1
2.094456563E1,-1.924399972E0,-2.930899858E0,2.696300030E0
2.096441876E1,-1.430999935E-1,-2.255399942E0,2.983799934E0
2.098427188E1,9.454999566E-1,-7.450999618E-1,2.286799908E0
2.100412344E1,1.586499929E0,8.129000068E-1,2.555899858E0
2.102397657E1,1.020799994E0,1.627699971E0,4.258999825E-1
2.104382813E1,1.299999934E-2,1.148599982E0,-1.591599941E0
2.106368126E1,-5.985999703E-1,4.177999794E-1,-6.171999574E-1
2.108353438E1,-5.744000077E-1,1.142999977E-1,1.739999950E-1
2.110338595E1,-4.752999842E-1,2.249999903E-2,9.600000083E-2
2.112323907E1,-5.295000076E-1,1.338000000E-1,-4.057999849E-1
2.114309220E1,-6.999999750E-4,5.065000057E-1,-6.913999915E-1
2.116294376E1,5.760999918E-1,5.981999636E-1,1.143999994E-1
2.118279688E1,9.136999846E-1,-2.359999903E-2,4.338999987E-1
2.120265001E1,7.533999681E-1,-8.089999855E-2,3.463999927E-1
2.122250313E1,6.790999770E-1,-3.419999778E-1,3.333999813E-1
2.124235470E1,2.893999815E-1,-3.526999950E-1,8.784999847E-1
2.126220782E1,-4.475999773E-1,-1.173599958E0,5.291999578E-1
2.128206094E1,-1.115899920E0,-1.897499919E0,-6.379999965E-2
2.130191251E1,-1.770099998E0,-6.729999781E-1,-1.433399916E0
2.132176563E1,-1.994599938E0,-6.071000099E-1,-1.511099935E0
2.134161876E1,1.033999994E-1,-2.282299995E0,7.407999635E-1
2.136147188E1,8.388999701E-1,-3.826599836E0,2.146399975E0
2.138132344E1,-6.849999726E-2,-3.859699965E0,1.170699954E0
2.140117657E1,-1.464699984E0,-3.808300018E0,-4.582999945E-1
2.142102970E1,-4.235999882E-1,-4.419099808E0,-1.557299972E0
2.144088126E1,1.847899914E0,-3.793999910E0,-1.479499936E0
2.146073438E1,4.247600079E0,-2.979799986E0,-2.281599998E0
2.148058751E1,5.808700085E0,-3.348899841E0,-9.418999553E-1
2.150043907E1,4.451999664E0,-5.042799950E0,-2.598999977E0
2.152029220E1,3.290799856E0,-4.877999783E0,-1.465399981E0
2.154014532E1,8.460999727E-1,-3.583199978E0,1.674999952E0
2.156000313E1,-1.080600023E0,-3.078299999E0,2.273599863E0
2.157985001E1,-1.913100004E0,-2.102999926E0,1.083599925E0
2.159970313E1,-2.567100048E0,-1.346400023E0,1.489999890E-1
2.161955626E1,-1.666299939E0,-4.902999997E-1,-6.105999947E-1
2.163940782E1,-3.840000033E-1,2.870999873E-1,-1.290899992E0
2.165926094E1,3.761999905E-1,1.203699946E0,-1.069000006E0
2.167911407E1,7.213000059E-1,3.024899960E0,-2.458999902E-1
2.169897188E1,5.892999768E-1,4.548099995E0,4.229999781E-1
2.171881876E1,3.237999976E-1,5.651199818E0,1.232800007E0
2.173867032E1,-4.359999895E-1,6.462999821E0,1.593199968E0
2.175852344E1,-1.933699965E0,6.626399994E0,1.239099979E0
2.177837657E1,-3.635799885E0,6.623699665E0,6.024999619E-1
2.179822813E1,-4.395100117E0,5.877299786E0,-3.393999934E-1
2.181808126E1,-4.345299721E0,5.173099995E0,-1.287699938E0
2.183794063E1,-2.952399969E0,3.829899788E0,-1.396999955E0
2.185778594E1,-8.572999835E-1,1.148499966E0,1.343899965E0
2.187763907E1,2.583699942E0,-7.029199600E0,1.010830021E1
2.189749220E1,4.501199722E0,-1.499889946E1,9.483300209E0
2.191734376E1,1.623399973E0,-1.122599983E1,4.738399982E0
2.193719688E1,-1.350899935E0,-1.655900002E0,1.620099902E0
2.195705001E1,-4.490000010E-1,4.391099930E0,7.935000062E-1
2.197690313E1,9.275999665E-1,2.618299961E0,-3.119099855E0
2.199675470E1,2.713999987E0,-4.512599945E0,-7.322599888E0
2.201660782E1,3.471400023E0,-1.070699978E1,-1.892300010E0
2.203646094E1,3.998000026E-1,-8.574299812E0,-2.784999907E-1
2.205631251E1,5.939999968E-2,2.247400045E0,-5.475999832E0
2.207616563E1,3.129099846E0,7.539499760E0,-2.702100039E0
2.209601876E1,1.755699992E0,4.639800072E0,-2.208099842E0
2.211587188E1,-2.496799946E0,-1.413599968E0,-8.172000051E-1
2.213572344E1,-5.204899788E0,-5.209399700E0,9.153999686E-1
2.215557657E1,-3.891599894E0,-4.388999939E0,1.617599964E0
2.217542970E1,-1.299799919E0,-2.780499935E0,2.823899984E0
2.219528126E1,-1.568000019E-1,-1.664299965E0,2.711499929E0
2.221513438E1,9.013999701E-1,-5.931999683E-1,2.790599823E0
2.223498751E1,1.297299981E0,7.609999776E-1,1.109300017E0
2.225483907E1,6.961999536E-1,1.407599926E0,-1.180199981E0
2.227469220E1,1.850999892E-1,1.208500028E0,-8.107999563E-1
2.229454532E1,2.859999985E-2,1.215499997E0,-1.979999989E-2
2.231439845E1,-4.025000036E-1,1.219399929E0,1.788000017E-1
2.233425001E1,-8.906999826E-1,8.524000049E-1,-2.620000020E-2
2.235410313E1,-1.199299932E0,2.988999784E-1,-3.067999780E-1
2.237395626E1,-5.124999881E-1,2.967999876E-1,2.633999884E-1
2.239380782E1,8.026999831E-1,4.698999822E-1,6.760999560E-1
2.241366094E1,1.518299937E0,3.175999820E-1,4.696999788E-1
2.243351407E1,1.260399938E0,-2.037999928E-1,-2.979999967E-2
2.245336563E1,3.674999774E-1,-5.697999597E-1,-3.461000025E-1
2.247321876E1,8.320000023E-2,-6.128000021E-1,-1.973999888E-1
2.249307188E1,1.660999954E-1,-8.126999736E-1,-8.169999719E-2
2.251292345E1,-1.245999932E-1,-9.939999580E-1,3.009999990E-1
2.253277657E1,-1.166000009E0,-6.672999859E-1,-3.394999802E-1
2.255262970E1,-2.338199854E0,-4.634999931E-1,-1.192399979E0
2.257248282E1,-1.631599903E0,-1.292699933E0,-1.019500017E0
2.259233438E1,6.186999679E-1,-3.014999866E0,1.774199963E0
2.261218751E1,2.274999917E-1,-3.995399952E0,1.476699948E0
2.263204063E1,-1.047399998E0,-3.978799820E0,4.034999907E-1
2.265189220E1,-1.287199974E0,-4.126599789E0,-8.944000006E-1
2.267174532E1,7.962999940E-1,-3.824399948E0,-7.841999531E-1
2.269159844E1,2.914199829E0,-2.516700029E0,-1.579899907E0
2.271145157E1,4.244800091E0,-2.022699833E0,-1.791000009E0
2.273130313E1,4.370500088E0,-3.206399918E0,-7.326999903E-1
2.275115626E1,2.670199871E0,-4.356800079E0,-1.498499990E0
2.277100938E1,8.493999839E-1,-4.442800045E0,-8.233999610E-1
2.279086095E1,-8.082000017E-1,-3.731400013E0,1.200899959E0
2.281071407E1,-1.427799940E0,-2.778499842E0,1.612999916E0
2.283056720E1,-1.983099937E0,-1.709800005E0,8.508999944E-1
2.285041876E1,-2.087800026E0,-1.381500006E0,-5.539999902E-2
2.287027188E1,-1.011999965E0,-9.881999493E-1,-7.943999767E-1
2.289012501E1,-2.029999904E-2,1.631999910E-1,-1.243299961E0
2.290997657E1,8.050999641E-1,1.447600007E0,-1.050699949E0
2.292982970E1,1.161700010E0,2.740499973E0,-1.908999979E-1
2.294968282E1,1.146099925E0,3.797699928E0,4.514999986E-1
2.296953438E1,1.014699936E0,4.778500080E0,1.222999930E0
2.298938751E1,1.315999925E-1,5.311699867E0,1.548299909E0
2.300924063E1,-1.025499940E0,5.289499760E0,1.257200003E0
2.302909376E1,-2.360699892E0,5.163099766E0,8.003999591E-1
2.304894532E1,-3.694099903E0,4.903100014E0,2.678000033E-1
2.306879845E1,-4.271199703E0,4.603799820E0,-2.204999924E-1
2.308865626E1,-3.882200003E0,4.291199684E0,-2.594999969E-1
2.310850313E1,-2.432699919E0,2.626699924E0,4.934999943E-1
2.312835626E1,-8.456999660E-1,-5.436999798E-1,3.892399788E0
2.314820782E1,1.895599961E0,-8.245499611E0,8.815499306E0
2.316806094E1,3.432600021E0,-1.610779953E1,8.496699333E0
2.318791407E1,1.632699966E0,-1.128219986E1,4.508100033E0
2.320776563E1,-1.345999956E0,-1.763000011E0,3.206399918E0
2.322761876E1,-2.667099953E0,4.792299747E0,2.520900011E0
2.324747188E1,-1.521899939E0,2.178200006E0,1.211599946E0
2.326732501E1,1.233899951E0,-6.589699745E0,-5.023999691E0
2.328717657E1,2.783499956E0,-1.058349991E1,-5.237099648E0
2.330703126E1,8.765999675E-1,-1.194899917E0,-7.838099957E0
2.332688282E1,4.517399788E0,7.267999649E0,-2.023299932E0
2.334673438E1,6.056699753E0,6.547599792E0,-7.254999876E-1
2.336658751E1,8.675999641E-1,1.816599965E0,6.329999566E-1
2.338644063E1,-6.426899910E0,-4.194999695E0,6.520999670E-1
2.340629220E1,-7.112899780E0,-5.245399952E0,-1.207799911E0
2.342614532E1,-3.865999937E0,-4.203599930E0,5.625999570E-1
2.344599844E1,-1.365599990E0,-3.814799786E0,3.007799864E0
2.346585157E1,1.089200020E0,-2.308899879E0,3.937999964E0
2.348570313E1,2.416399956E0,1.200000010E-2,3.867399931E0
2.350555626E1,1.489399910E0,1.308899999E0,-1.288499951E0
2.352540938E1,5.205000043E-1,1.543399930E0,-3.404999971E0
2.354526095E1,-6.064000130E-1,2.252699852E0,-4.896999896E-1
2.356511407E1,2.298000008E-1,6.006000042E-1,1.132099986E0
2.358496720E1,-1.299999952E0,2.057999969E-1,1.345199943E0
2.360482032E1,-1.917699933E0,9.405999780E-1,1.178999990E-1
2.362467188E1,-8.158999681E-1,6.764000058E-1,-1.033599973E0
2.364452501E1,-9.979999810E-2,3.501999974E-1,-2.621999979E-1
2.366437813E1,1.998299956E0,-6.239999831E-2,-4.666999876E-1
2.368422970E1,1.677699924E0,1.321099997E0,-3.267999887E-1
2.370408282E1,1.570999980E0,1.141600013E0,2.915000021E-1
2.372393594E1,2.958000004E-1,-8.980000019E-2,8.409000039E-1
2.374378751E1,-5.655999780E-1,-1.569299936E0,1.618999958E0
2.376364063E1,-1.086499929E0,-1.172699928E0,-1.538999975E-1
2.378349376E1,-8.985999823E-1,-3.039000034E-1,-1.682599902E0
2.380334532E1,-1.481299996E0,9.690999985E-1,-1.360899925E0
2.382319845E1,-5.467000008E-1,-6.280999780E-1,-2.154700041E0
2.384305157E1,-7.629999518E-2,-3.561899900E0,1.368799925E0
2.386290470E1,-9.906999469E-1,-4.328399658E0,2.920599937E0
2.388275626E1,-1.475899935E0,-4.457099915E0,5.640999675E-1
2.390260938E1,-1.199399948E0,-4.600500107E0,-8.945999742E-1
2.392246251E1,1.169499993E0,-3.730700016E0,-3.831999898E-1
2.394231407E1,4.280200005E0,-2.126299858E0,2.257999927E-1
2.396216720E1,5.442199707E0,-1.227800012E0,2.092999965E-1
2.398202032E1,4.088200092E0,-1.551899910E0,-8.305000067E-1
2.400187344E1,2.086099863E0,-4.087199688E0,-1.350700021E0
2.402172501E1,-4.504999816E-1,-5.486700058E0,-2.198499918E0
2.404157813E1,-1.370899916E0,-4.958199978E0,-1.050199986E0
2.406143126E1,-1.988199949E0,-2.590999842E0,1.880199909E0
2.408128282E1,-2.017400026E0,-8.016999960E-1,1.754299998E0
2.410113595E1,-1.373999953E0,2.830999792E-1,7.990999818E-1
2.412098907E1,-4.651999772E-1,4.360000044E-2,-5.641999841E-1
2.414084220E1,2.838000059E-1,-3.902999759E-1,-7.652999759E-1
2.416069376E1,1.295599937E0,2.631999850E-1,-1.330500007E0
2.418054688E1,1.749399900E0,2.273299932E0,-8.036999702E-1
2.420039844E1,1.131500006E0,4.534199715E0,-2.371999919E-1
2.422025157E1,2.739999890E-1,5.205999851E0,1.045199990E0
2.424010313E1,-5.407999754E-1,5.088200092E0,1.364300013E0
2.425995626E1,-1.564899921E0,4.443699837E0,1.113099933E0
2.427980938E1,-2.415199995E0,2.588699818E0,1.481499910E0
2.429966095E1,-2.628000021E0,2.016700029E0,1.067499995E0
2.431951407E1,-2.654199839E0,2.657299995E0,4.626999795E-1
2.433936720E1,-2.057100058E0,2.914899826E0,-1.961999983E-1
2.435921876E1,-1.033499956E0,2.565700054E0,-2.421000004E-1
2.437907188E1,-4.754999876E-1,1.448899984E0,1.669999957E-1
2.439892501E1,-7.874000072E-1,-7.985999584E-1,9.827999473E-1
2.441877813E1,9.675999880E-1,-6.060899734E0,2.510999918E0
2.443862970E1,1.078099966E0,-6.453499794E0,5.589999676E0
2.445848282E1,-1.024500012E0,-3.159099817E0,6.565799713E0
2.447833594E1,-2.281999826E0,-9.378999472E-1,7.555599689E0
2.449818751E1,-2.353399992E0,-8.695999980E-1,2.371700048E0
2.451804063E1,-3.251999915E-1,-3.614799976E0,-1.683099985E0
2.453789376E1,2.432699919E0,-5.397599697E0,-2.465999842E0
2.455774688E1,4.572999954E0,-5.731299877E0,-3.347299814E0
2.457759845E1,5.009799957E0,-5.010799885E0,-3.240000010E0
2.459745157E1,1.155499935E0,-2.095999956E0,-3.252999783E-1
2.461730470E1,8.220999837E-1,1.395499945E0,-1.400799990E0
2.463715626E1,1.186399937E0,2.204200029E0,-2.366999865E0
2.465700938E1,-1.122499943E0,2.286000013E0,-2.920399904E0
2.467686251E1,-3.262300014E0,1.099200010E0,-1.793599963E0
2.469671407E1,-3.178499937E0,-7.455999851E-1,-4.833999872E-1
2.471656720E1,-2.899199963E0,-2.727999926E0,1.756199956E0
2.473642032E1,2.538999915E-1,-3.097499847E0,5.699999928E-1
2.475627188E1,2.672299862E0,-7.422999740E-1,1.475600004E0
2.477612657E1,2.651499987E0,2.673999965E-1,2.677099943E0
2.479597813E1,1.632399917E0,5.801999569E-1,1.167199969E0
2.481582970E1,5.497999787E-1,5.710999966E-1,2.093999982E-1
2.483568282E1,2.524999976E-1,2.674999833E-1,-2.901999950E-1
2.485553595E1,5.203999877E-1,1.163999960E-1,-4.737999737E-1
2.487538907E1,5.779999867E-2,1.641999930E-1,2.908999920E-1
2.489524063E1,-3.999999762E-1,-3.416000009E-1,1.946999878E-1
2.491509376E1,-1.207799911E0,-7.667999864E-1,1.284999996E-1
2.493494688E1,-1.833899975E0,-3.158999979E-1,4.754000008E-1
2.495480001E1,-9.223999977E-1,4.786999822E-1,1.491500020E0
2.497465157E1,1.130499959E0,-1.488000005E-1,1.408699989E0
2.499450470E1,1.669299960E0,-9.853999615E-1,2.933999896E-1
2.501435782E1,6.420999765E-1,-1.156999946E0,-1.752000004E-1
2.503420938E1,4.030000046E-2,-8.440999985E-1,-1.870399952E0
2.505406251E1,-2.917999923E-1,-4.494999945E-1,-2.086600065E0
2.507391563E1,-8.104000092E-1,-6.782000065E-1,-7.253999710E-1
2.509376876E1,-1.564599991E0,-1.416399956E0,-1.180999950E-1
2.511362032E1,-1.089200020E0,-2.172099829E0,4.124999940E-1
2.513347344E1,4.734999835E-1,-1.222700000E0,7.026000023E-1
2.515332501E1,1.746799946E0,5.487999916E-1,-5.597000122E-1
2.517317813E1,2.537999868E0,1.608899951E0,-1.454699993E0
2.519303126E1,1.549600005E0,1.946900010E0,-1.210799932E0
2.521288438E1,-7.750000060E-2,1.506699920E0,-3.030000031E-1
2.523273594E1,-1.260200024E0,7.012000084E-1,5.214999914E-1
2.525258907E1,-1.274699926E0,1.274999976E-1,8.389999866E-1
2.527244220E1,-4.693000019E-1,1.109999977E-2,9.354999661E-1
2.529229532E1,1.223999932E-1,-2.278999984E-1,9.778999686E-1
2.531214688E1,-4.769999906E-2,-1.683999896E-1,7.931999564E-1
2.533200001E1,-3.251999915E-1,-3.269000053E-1,2.902999818E-1
2.535185313E1,-6.796000004E-1,-5.900999904E-1,-8.999999613E-2
2.537170470E1,-5.266000032E-1,-9.892999530E-1,-1.019999944E-2
2.539155782E1,1.318999976E-1,-1.423799992E0,4.653999805E-1
2.541141094E1,1.645799994E0,-1.837499976E0,9.991999865E-1
2.543126407E1,2.394199848E0,-1.033200026E0,9.865999818E-1
2.545111563E1,2.031100035E0,-2.009999901E-1,5.195999742E-1
2.547096876E1,1.309099913E0,3.911999762E-1,-2.847000062E-1
2.549082032E1,-7.189999521E-2,5.350999832E-1,-4.490999877E-1
2.551067345E1,-7.444999814E-1,6.140999794E-1,-4.603999853E-1
2.553052657E1,-1.187099934E0,5.315999985E-1,-3.668999970E-1
2.555037970E1,-1.487699986E0,4.587999880E-1,7.069999725E-2
2.557023126E1,-8.148999810E-1,6.819999963E-2,4.845999777E-1
2.559009063E1,-4.884999990E-1,-2.987000048E-1,5.245000124E-1
2.560993751E1,-5.006999969E-1,-2.601999938E-1,5.432000160E-1
2.562978907E1,5.240000039E-2,1.399999950E-3,4.333999753E-1
2.564964220E1,3.508999944E-1,1.611000001E-1,1.670999974E-1
2.566949532E1,1.160999984E-1,3.379999995E-1,-2.906000018E-1
2.568934688E1,3.657999933E-1,3.129999936E-1,-6.890000105E-1
2.570920001E1,3.443000019E-1,5.063999891E-1,-8.501999974E-1
2.572905313E1,7.487999797E-1,3.594000041E-1,-9.347999692E-1
2.574890470E1,4.224999845E-1,1.913999915E-1,-3.964999914E-1
2.576875782E1,-1.743000001E-1,1.467999965E-1,4.140000045E-2
2.578861095E1,-2.150999904E-1,-1.166999936E-1,4.583999813E-1
2.580846407E1,1.359999925E-1,-9.791999459E-1,6.775000095E-1
2.582831563E1,-4.104000032E-1,-2.043200016E0,1.995599985E0
2.584816720E1,-3.283900023E0,-2.088999987E0,2.345399857E0
2.586802657E1,-3.927899837E0,-2.961599827E0,3.289499998E0
2.588787344E1,-3.149999857E0,-4.641999722E0,2.300299883E0
2.590772501E1,-3.585000038E-1,-3.211999834E-1,-4.318999946E-1
2.592757813E1,4.139100075E0,2.358099937E0,-1.776499987E0
2.594743126E1,5.473299980E0,1.273299932E0,-1.592299938E0
2.596728438E1,-6.944999695E-1,1.712700009E0,-3.675999939E-1
2.598713751E1,-3.943799973E0,-1.402300000E0,3.016999960E-1
2.600698907E1,-2.139499903E0,-2.361199856E0,4.380999804E-1
2.602684220E1,7.883999944E-1,-2.328599930E0,-1.296999902E-1
2.604669532E1,1.820499897E0,-1.571099997E0,-2.342399836E0
2.606654845E1,4.081999958E-1,-1.777999997E-1,-3.149499893E0
2.608640001E1,-7.890999913E-1,5.279999971E-2,-8.305000067E-1
2.610625313E1,-1.308799982E0,-3.064000010E-1,8.342999816E-1
2.612610470E1,-1.527499914E0,-8.557999730E-1,1.889999986E0
2.614595782E1,-2.487099886E0,-1.386099935E0,1.609699965E0
2.616581094E1,-1.969799995E0,-1.897899985E0,5.081999898E-1
2.618566407E1,6.010999680E-1,-2.140599966E0,5.119000077E-1
2.620551563E1,9.632999897E-1,-2.265499830E0,3.650999963E-1
2.622536876E1,1.530999988E-1,-8.840000033E-1,-7.213000059E-1
2.624522188E1,-5.113999844E-1,-1.940999925E-1,-4.849999845E-1
2.626507501E1,-1.252599955E0,4.856999815E-1,4.144999981E-1
2.628492657E1,-9.190999866E-1,9.958999753E-1,8.046000004E-1
2.630477970E1,4.472000003E-1,5.191999674E-1,8.169999719E-2
2.632463126E1,-5.830000043E-1,3.772999942E-1,-1.004000008E-1
2.634448438E1,-1.069499969E0,6.049999595E-1,-7.555999756E-1
2.636433751E1,-7.707999945E-1,8.946999907E-1,2.825999856E-1
2.638419063E1,-3.351999819E-1,1.567000002E-1,-2.483000010E-1
2.640404220E1,2.692999840E-1,-5.562999845E-1,2.877999842E-1
2.642389532E1,-1.920099974E0,-3.329099894E0,4.768999815E-1
2.644374844E1,-2.489599943E0,-3.050199986E0,1.399500012E0
2.646360001E1,-2.760999918E0,-3.177599907E0,2.048099995E0
2.648345313E1,1.384999990E0,-1.487499952E0,2.029999971E0
2.650330626E1,2.654799938E0,-1.223799944E0,2.302000046E0
2.652315782E1,2.305999994E0,-1.721300006E0,-2.559000015E0
2.654301095E1,1.001899958E0,-2.326900005E0,-5.488899708E0
2.656286407E1,-1.643700004E0,-7.990999818E-1,-5.343400002E0
2.658271563E1,-2.296000004E0,3.630999923E-1,1.874699950E0
2.660256876E1,-1.536000013E0,1.924299955E0,6.494400024E0
2.662242188E1,-1.279699922E0,3.062999964E0,7.459199905E0
2.664227501E1,-2.577699900E0,2.335299969E0,6.024600029E0
2.666212657E1,-4.304100037E0,5.924999714E-1,2.104099989E0
2.668197970E1,-4.591899872E0,-6.116999984E-1,-1.326300025E0
2.670183751E1,-4.905799866E0,-5.399000049E-1,-5.852000117E-1
2.672168438E1,-3.735899925E0,-1.633999944E-1,2.386899948E0
2.674153751E1,-2.133800030E0,-4.330999851E-1,3.942699909E0
2.676139063E1,-1.477299929E0,-1.410099983E0,3.157199860E0
2.678124220E1,-1.164999977E-1,-2.128399849E0,1.435199976E0
2.680109532E1,9.551999569E-1,-1.762499928E0,-5.690999627E-1
2.682094845E1,1.016399980E0,-2.019500017E0,-1.030200005E0
2.684080001E1,-8.368999958E-1,1.622999907E-1,-2.224999964E-1
2.686065313E1,-5.636000037E-1,7.157999873E-1,1.273599982E0
2.688050626E1,7.121999860E-1,1.717000008E-1,1.645299911E0
2.690035782E1,2.626299858E0,3.892999887E-1,8.698999882E-1
2.692021094E1,3.556999922E0,8.190999627E-1,8.665999770E-1
2.694006251E1,3.495499849E0,1.053699970E0,6.546999812E-1
2.695991720E1,2.171700001E0,4.336999953E-1,1.289999951E-2
2.697976876E1,1.197099924E0,6.115999818E-1,-1.900799990E0
2.699962188E1,1.133099914E0,1.740999937E0,-2.469300032E0
2.701947345E1,1.431100011E0,1.598699927E0,-2.040400028E0
2.703932657E1,9.945999980E-1,1.585500002E0,-1.942799926E0
2.705917970E1,1.639999896E-1,1.372799993E0,-1.615299940E0
2.707903126E1,-1.121999994E-1,1.328699946E0,-1.004999995E0
2.709888438E1,2.179999948E-1,1.695799947E0,3.446799994E0
2.711873751E1,-1.127499938E0,7.013999820E-1,2.895999908E0
2.713858907E1,-9.979999661E-1,2.671999931E-1,7.094999552E-1
2.715844220E1,-4.402000010E-1,3.524999917E-1,-7.918999791E-1
2.717829532E1,4.438000023E-1,6.024999619E-1,-1.574199915E0
2.719814688E1,6.279999614E-1,1.523100019E0,-1.426100016E0
2.721800157E1,3.143000007E-1,1.044899940E0,-1.154999971E0
2.723785470E1,-7.845999599E-1,8.055999875E-1,-4.143999815E-1
2.725770626E1,-1.186900020E0,4.923999906E-1,-4.481000006E-1
2.727755782E1,1.709000021E-1,2.579999864E-1,1.420999914E-1
2.729741095E1,9.475999475E-1,1.109999977E-2,3.583999872E-1
2.731726407E1,9.419999719E-1,1.329999976E-2,-3.799999878E-2
2.733712188E1,2.328999937E-1,1.629000008E-1,-6.758999825E-1
2.735696876E1,-7.119999528E-1,9.189999849E-2,-1.108099937E0
2.737682188E1,-7.136999965E-1,-1.407999992E-1,-1.316399932E0
2.739667344E1,2.270999998E-1,6.279999763E-2,-4.941999912E-1
2.741652657E1,7.741000056E-1,7.140000165E-2,1.152999997E0
2.743637970E1,3.928000033E-1,1.330000013E-1,1.628399968E0
2.745623282E1,-5.309999585E-1,-6.819999963E-2,2.651999891E-1
2.747608438E1,-1.214399934E0,2.522999942E-1,-1.092999935E0
2.749593751E1,-1.216699958E0,2.439999953E-2,-2.256899834E0
2.751579063E1,-8.825999498E-1,-9.979999810E-2,-1.268199921E0
2.753564220E1,-3.319999874E-1,-5.359999835E-2,1.253999949E0
2.755549532E1,-1.228999943E-1,-1.222999990E-1,1.119199991E0
2.757534845E1,5.920999646E-1,-2.926999927E-1,1.384999901E-1
2.759520001E1,1.013399959E0,-1.942999959E-1,-3.375999928E-1
2.761505313E1,1.568099976E0,4.659999907E-2,-4.317999780E-1
2.763490626E1,1.274999976E0,7.970000058E-2,-4.640999734E-1
2.765475782E1,1.129299998E0,2.419999987E-1,2.726999819E-1
2.767461094E1,6.058999896E-1,1.809999943E-1,5.827000141E-1
2.769446407E1,-4.250000045E-2,1.958999932E-1,2.816999853E-1
2.771431720E1,1.739999950E-1,1.363999993E-1,3.404999971E-1
2.773416876E1,2.805999815E-1,2.777000070E-1,2.372999936E-1
2.775402188E1,1.249999925E-2,3.461000025E-1,2.829000056E-1
2.777387501E1,-2.399999946E-1,3.231000006E-1,4.227999747E-1
2.779372657E1,-4.326999784E-1,2.857999802E-1,7.089999914E-1
2.781357970E1,-1.224999949E-1,2.910999954E-1,5.282999873E-1
2.783343282E1,2.217999995E-1,1.323999912E-1,1.330000013E-1
2.785328595E1,2.463999987E-1,-4.299999774E-2,-6.629999727E-2
2.787313751E1,2.045999914E-1,1.193000004E-1,2.494999915E-1
2.789299063E1,-2.600000007E-3,2.205999941E-1,3.779999912E-1
2.791284376E1,-1.314999908E-1,2.919999957E-1,6.258000135E-1
2.793269532E1,-7.620000094E-2,2.818000019E-1,6.861999631E-1
2.795255313E1,6.768999696E-1,3.150000051E-2,-1.791299939E0
2.797240001E1,8.427999616E-1,1.529999916E-2,6.696000099E-1
2.799225313E1,3.328999877E-1,1.907999963E-1,1.363499999E0
2.801210626E1,-8.619999886E-2,3.915999830E-1,8.151999712E-1
