Time (s),X (rad/s),Y (rad/s),Z (rad/s)
2.103230700E-2,-1.196091533E0,-1.502100110E0,-5.320810795E0
4.088543200E-2,-1.196091533E0,-1.502100110E0,-5.320810795E0
6.073699400E-2,0.000000000E0,0.000000000E0,0.000000000E0
8.059011900E-2,-1.145808622E-1,3.427477479E-1,1.041612476E-1
1.004432440E-1,-3.374943137E-1,3.912329972E-1,-9.923942387E-2
1.202948070E-1,-4.163308442E-1,4.315326512E-1,-1.491209269E-1
1.401479320E-1,-3.881961405E-1,4.352152944E-1,-1.491034776E-1
1.600010570E-1,-3.846705556E-1,4.491953850E-1,-2.389530241E-1
1.798541820E-1,-3.915122449E-1,5.306673646E-1,-3.027971685E-1
1.997057440E-1,-3.316649199E-1,6.438345313E-1,-1.826312542E-1
2.195588690E-1,-2.777342498E-1,7.381870151E-1,-1.207418740E-1
2.394119940E-1,-2.360034138E-1,8.047189713E-1,-6.777113676E-2
2.592635570E-1,-2.187944800E-1,8.799426556E-1,-4.913101718E-2
2.791166820E-1,-2.407856286E-1,9.259669781E-1,-3.455751762E-2
2.989698070E-1,-2.459168881E-1,9.079377055E-1,-1.172512174E-1
3.188213690E-1,-2.402620167E-1,8.841663599E-1,-1.507964432E-1
3.386744940E-1,-2.387261391E-1,8.687551022E-1,-1.214400083E-1
3.585276190E-1,-2.175901979E-1,8.822115660E-1,6.997025013E-2
3.783807440E-1,-2.109230459E-1,8.791397810E-1,1.528559327E-1
3.982323070E-1,-2.092649788E-1,8.714079857E-1,1.955466866E-1
4.180854320E-1,-2.083224952E-1,8.628907800E-1,2.761285305E-1
4.379385570E-1,-2.146231383E-1,8.481078148E-1,3.775321543E-1
4.577901190E-1,-2.164033800E-1,8.297120929E-1,4.724257290E-1
4.776432440E-1,-2.047445774E-1,7.799701691E-1,4.672071934E-1
4.974963690E-1,-1.841147840E-1,7.222346663E-1,4.258079827E-1
5.173494940E-1,-1.520356238E-1,6.509729028E-1,3.037222028E-1
5.372010570E-1,-1.217192635E-1,5.917539001E-1,2.032959461E-1
5.570541820E-1,-9.690067917E-2,5.442809463E-1,1.215447262E-1
5.769073070E-1,-7.431612164E-2,5.094441772E-1,6.691592187E-2
5.967588690E-1,-5.166174471E-2,4.853935242E-1,5.202826485E-2
6.166119940E-1,-3.113667294E-2,4.699648023E-1,6.330309063E-2
6.364651190E-1,-1.776745170E-2,4.553389549E-1,7.550293952E-2
6.563182440E-1,-1.460840553E-2,4.549898803E-1,1.149473861E-1
6.761698070E-1,-2.911209129E-2,4.756720364E-1,2.052856237E-1
6.960229320E-1,-6.129596382E-2,5.508084297E-1,3.517536521E-1
7.158744940E-1,-9.536478668E-2,6.307794452E-1,4.994085133E-1
7.357276190E-1,-1.247910410E-1,7.137523890E-1,6.244788170E-1
7.555807440E-1,-1.621934474E-1,8.074940443E-1,6.874502897E-1
7.754338690E-1,-2.022313029E-1,9.010087848E-1,7.719067931E-1
7.952854320E-1,-2.272069603E-1,9.651147127E-1,9.007295370E-1
8.151385570E-1,-2.545388043E-1,1.026463032E0,1.002098203E0
8.349916820E-1,-3.314729333E-1,1.212986350E0,9.805434346E-1
8.548432440E-1,-4.413937628E-1,1.433613420E0,1.027789474E0
8.746963690E-1,-5.854532719E-1,1.654798985E0,1.215429783E0
8.945494940E-1,-6.919707060E-1,1.762049556E0,1.429669023E0
9.144010570E-1,-8.174074888E-1,1.904904723E0,1.592508197E0
9.342541820E-1,-1.221521020E0,2.343628168E0,2.104587793E0
9.541073070E-1,-1.629125237E0,2.660230875E0,2.654279232E0
9.739588690E-1,-2.136021137E0,2.990080595E0,3.316526890E0
9.938119940E-1,-2.986450434E0,3.323717833E0,4.422838688E0
1.013665119E0,-3.524168730E0,3.361120224E0,4.882034779E0
1.033516682E0,-3.903236866E0,3.300906181E0,5.039812565E0
1.053369807E0,-4.091348648E0,3.192346811E0,4.927413464E0
1.073222932E0,-4.117092133E0,3.073332787E0,4.646974087E0
1.093076057E0,-4.328084946E0,2.937511206E0,4.563913822E0
1.112927619E0,-4.739842892E0,2.765805721E0,4.640603542E0
1.132780744E0,-5.277439117E0,2.534165621E0,4.783127308E0
1.152632307E0,-5.343465328E0,2.299645901E0,4.467100620E0
1.172485432E0,-5.139715195E0,2.102824926E0,3.996419907E0
1.192338557E0,-4.604684830E0,1.965136051E0,3.401018381E0
1.212190119E0,-2.754705429E0,2.041808367E0,2.030184507E0
1.232049494E0,2.426548719E0,2.402829647E0,-1.306169510E0
1.251896369E0,3.760765553E0,2.380280018E0,-2.197142601E0
1.271747932E0,4.579778671E0,2.301600695E0,-2.703113556E0
1.291601057E0,5.407431602E0,2.203356028E0,-3.110525846E0
1.311454182E0,5.835508347E0,2.119632483E0,-3.244636774E0
1.331307307E0,6.003443718E0,2.049732208E0,-3.228405237E0
1.351158869E0,5.740684509E0,1.919355989E0,-3.056211233E0
1.371011994E0,5.349364281E0,1.751682281E0,-2.846108437E0
1.390865119E0,5.141617775E0,1.608338356E0,-2.675799131E0
1.410716682E0,4.989355087E0,1.492972136E0,-2.519120932E0
1.430569807E0,4.748970985E0,1.386210322E0,-2.358131886E0
1.450422932E0,4.419487953E0,1.281473041E0,-2.202361107E0
1.470274494E0,4.024031162E0,1.159439683E0,-2.060780048E0
1.490127619E0,3.393269062E0,9.433853626E-1,-1.905585408E0
1.509980744E0,2.827730179E0,7.264409661E-1,-1.762258887E0
1.529833869E0,2.563574553E0,6.200281978E-1,-1.647102118E0
1.549685432E0,2.342650652E0,5.470560193E-1,-1.550236344E0
1.569538557E0,2.035455227E0,4.319515228E-1,-1.456808925E0
1.589391682E0,1.699915767E0,2.550624013E-1,-1.361862898E0
1.609243244E0,1.401185274E0,4.420918971E-2,-1.264840126E0
1.629096369E0,1.360903025E0,-1.973967440E-2,-1.218152523E0
1.648955744E0,1.456983447E0,1.399754081E-2,-1.209635377E0
1.668802619E0,1.578720093E0,6.850416958E-2,-1.202811122E0
1.688660432E0,1.743374467E0,1.516865641E-1,-1.200716734E0
1.708507307E0,1.744316936E0,1.609891653E-1,-1.164867640E0
1.728360432E0,1.722221136E0,1.727526933E-1,-1.118092775E0
1.748211994E0,1.646473765E0,1.634151787E-1,-1.060619116E0
1.768065119E0,1.473564029E0,1.090481728E-1,-9.791297317E-1
1.787918244E0,1.076100230E0,-5.019566789E-2,-8.510400057E-1
1.807769807E0,7.055318952E-1,-1.922829300E-1,-7.146075964E-1
1.827622932E0,4.346393347E-1,-2.788163424E-1,-5.958728790E-1
1.847476057E0,3.809355497E-1,-2.489363104E-1,-5.130220652E-1
1.867329182E0,3.479662836E-1,-2.121447772E-1,-4.303458333E-1
1.887180744E0,2.886599898E-1,-1.878672391E-1,-3.478441238E-1
1.907033869E0,1.964542568E-1,-1.901885271E-1,-2.541897595E-1
1.926886994E0,1.106887832E-1,-1.985311955E-1,-1.639038622E-1
1.946738557E0,1.067966968E-1,-1.667487621E-1,-1.072330326E-1
1.966591682E0,1.005135104E-1,-1.330638975E-1,-7.148868591E-2
1.986444807E0,2.040289901E-2,-1.271472424E-1,-3.523819894E-2
2.006296369E0,-1.308996975E-2,-9.681341052E-2,-2.766346931E-2
2.026149494E0,7.274532318E-2,-9.424777818E-4,-7.705628872E-2
2.046002619E0,2.065248042E-1,1.204800755E-1,-1.452113986E-1
2.065854182E0,3.041236103E-1,2.066295296E-1,-1.829628646E-1
2.085707307E0,4.035899341E-1,2.815914154E-1,-2.098758370E-1
2.105560432E0,5.244190693E-1,3.645294607E-1,-2.380280048E-1
2.125413557E0,6.711314321E-1,4.463854134E-1,-2.557780147E-1
2.145265119E0,7.475244999E-1,4.894601405E-1,-2.421818823E-1
2.165118244E0,8.594000936E-1,5.204920769E-1,-2.094918638E-1
2.184971369E0,1.094862461E0,5.884552002E-1,-1.561895162E-1
2.204822932E0,1.303603888E0,6.771179438E-1,-1.338318437E-1
2.224676057E0,1.357325077E0,7.264758348E-1,-1.416334659E-1
2.244529182E0,1.496026397E0,8.322777152E-1,-1.974840015E-1
2.264382307E0,1.571459532E0,8.978322744E-1,-2.305230796E-1
2.284233869E0,1.544389486E0,9.291260242E-1,-2.637541592E-1
2.304086994E0,1.249673247E0,8.220674992E-1,-2.179043591E-1
2.323938557E0,7.350977659E-1,6.241471767E-1,-1.714087874E-1
2.343791682E0,2.616772056E-1,4.342029989E-1,-1.200611964E-1
2.363644807E0,-1.777966917E-1,2.568252087E-1,-6.159266829E-2
2.383497932E0,-4.583932757E-1,1.519309133E-1,-2.637192421E-2
2.403349494E0,-6.470109820E-1,8.656833321E-2,-1.431170013E-2
2.423202619E0,-6.934716702E-1,6.569419056E-2,2.239257470E-2
2.443054182E0,-7.445225716E-1,3.988077492E-2,6.653194875E-2
2.462907307E0,-9.044470787E-1,-2.230530791E-2,1.107411385E-1
2.482765119E0,-1.212462783E0,-1.473232359E-1,1.344252527E-1
2.502611994E0,-1.493216395E0,-2.654994726E-1,1.762607992E-1
2.522465119E0,-1.491732955E0,-2.218837142E-1,1.574985087E-1
2.542318244E0,-8.323300481E-1,2.920110226E-1,-1.007404029E-1
2.562169807E0,-7.178539038E-1,3.854210675E-1,-1.099906489E-1
2.582024494E0,-8.570089936E-1,3.092374504E-1,-4.909611121E-2
2.601876057E0,-9.243961573E-1,2.772804499E-1,-6.894050632E-3
2.621727619E0,-1.031227827E0,2.342929989E-1,3.761184588E-2
2.641580744E0,-1.004559159E0,2.325476706E-1,1.120501384E-1
2.661433869E0,-1.032222629E0,2.025803626E-1,1.919862181E-1
2.681286994E0,-1.044684291E0,1.872738302E-1,2.667212188E-1
2.701138557E0,-1.079608321E0,1.850049049E-1,3.080855310E-1
2.720991682E0,-1.178725600E0,1.896649301E-1,2.982593179E-1
2.740844807E0,-1.423577785E0,1.392947286E-1,2.549402416E-1
2.760696369E0,-1.664345980E0,1.071806699E-1,1.857553869E-1
2.780549494E0,-1.836470366E0,6.878342479E-2,1.492431015E-1
2.800402619E0,-1.919792414E0,1.016479731E-1,9.651670605E-2
2.820255744E0,-1.949358225E0,2.680651248E-1,-2.307325229E-2
2.840107307E0,-2.012120247E0,2.765299678E-1,-6.325073540E-2
2.859960432E0,-2.004248857E0,2.649758756E-1,-7.374016196E-2
2.879813557E0,-1.952796578E0,2.973866463E-1,-9.232791513E-2
2.899671369E0,-1.845807910E0,3.754901290E-1,-1.142143458E-1
2.919518244E0,-1.829087615E0,3.780383170E-1,-1.426806599E-1
2.939371369E0,-1.811931014E0,4.170813262E-1,-1.900663525E-1
2.959222932E0,-2.676165581E0,2.094744146E-1,-4.839797914E-1
2.979076057E0,-4.094053745E0,-3.569547236E-1,-8.689645529E-1
2.998929182E0,-4.654757977E0,-6.491752267E-1,-1.041106343E0
3.018782307E0,-5.980998993E0,-1.326554894E0,-1.424171209E0
3.038633869E0,-6.792786598E0,-1.850450397E0,-1.725554705E0
3.058486994E0,-7.548234940E0,-2.414436102E0,-2.084394455E0
3.078344807E0,-6.924663544E0,-2.290465355E0,-2.057394028E0
3.098191682E0,-5.622700214E0,-1.746132135E0,-1.746987343E0
3.118044807E0,-3.972177267E0,-9.633519053E-1,-1.280181527E0
3.137897932E0,-8.222420812E-1,7.039785385E-1,-2.390751988E-1
3.157751057E0,2.677387476E0,2.514268875E0,9.634740949E-1
3.177602619E0,3.028477907E0,2.592424870E0,9.646085501E-1
3.197455744E0,2.598428726E0,2.135933876E0,6.185621619E-1
3.217308869E0,2.643475771E0,2.027007818E0,5.285729766E-1
3.237160432E0,2.890230417E0,2.139407158E0,5.889613628E-1
3.257013557E0,3.001983643E0,2.220111132E0,6.035174131E-1
3.276866682E0,2.563207865E0,2.071775675E0,2.713114321E-1
3.296718244E0,2.145097017E0,1.907993913E0,-5.860815570E-2
3.316571369E0,1.810639501E0,1.727404714E0,-3.388033211E-1
3.336424494E0,1.901728153E0,1.815962672E0,-3.320314288E-1
3.356276057E0,1.923562288E0,1.831618309E0,-3.644945621E-1
3.376129182E0,1.946234107E0,1.839542150E0,-3.808308542E-1
3.395982307E0,2.006587505E0,1.889999628E0,-3.515093029E-1
3.415835432E0,2.082387209E0,1.992851853E0,-3.003362417E-1
3.435686994E0,2.038736582E0,1.937472582E0,-3.337418437E-1
3.455544807E0,1.473982930E0,1.090464234E0,-9.429490566E-1
3.475393244E0,1.257858753E0,7.568620443E-1,-1.216127992E0
3.495244807E0,1.120798111E0,5.418898463E-1,-1.410609961E0
3.515097932E0,1.068281174E0,4.561592638E-1,-1.512833953E0
3.534951057E0,1.152109265E0,6.289468408E-1,-1.430960536E0
3.554802619E0,1.227577329E0,8.133409023E-1,-1.318369389E0
3.574655744E0,1.220054984E0,7.487811446E-1,-1.315943360E0
3.594508869E0,1.176683545E0,5.351877809E-1,-1.386576772E0
3.614360432E0,1.177137256E0,5.179439187E-1,-1.372928381E0
3.634213557E0,1.152528167E0,2.619564533E-1,-1.447785497E0
3.654066682E0,1.128913879E0,-9.770353138E-2,-1.550585389E0
3.673918244E0,1.122176886E0,1.037074625E-1,-1.505171895E0
3.693771369E0,1.120326877E0,4.864756167E-1,-1.383382916E0
3.713622932E0,1.088422179E0,7.927285433E-1,-1.308333755E0
3.733476057E0,1.047756076E0,1.087427378E0,-1.227647185E0
3.753329182E0,1.001347780E0,1.313569665E0,-1.147204876E0
3.773182307E0,9.477835894E-1,1.475361705E0,-1.080603123E0
3.793033869E0,8.746193647E-1,1.585683942E0,-1.061544180E0
3.812886994E0,7.742105722E-1,1.639736772E0,-1.118703723E0
3.832740119E0,6.669251919E-1,1.548525929E0,-1.267353415E0
3.852591682E0,6.072349548E-1,1.619473577E0,-1.193019748E0
3.872444807E0,5.714905858E-1,1.542033315E0,-1.143853903E0
3.892297932E0,6.138322949E-1,1.041228533E0,-1.164675713E0
3.912149494E0,6.605722308E-1,5.850692987E-1,-1.147850633E0
3.932002619E0,6.293482780E-1,5.249601603E-1,-1.071038723E0
3.951855744E0,6.240773797E-1,3.558202684E-1,-1.000841618E0
3.971707307E0,6.156823635E-1,2.163859159E-1,-9.296496511E-1
3.991560432E0,5.879490376E-1,1.457000822E-1,-8.529947400E-1
4.011413557E0,5.447696447E-1,1.065698043E-1,-7.862707973E-1
4.031266682E0,5.001415610E-1,5.401793867E-2,-7.233342528E-1
4.051118244E0,4.372573495E-1,5.155702680E-2,-6.682342291E-1
4.070971369E0,3.789284229E-1,5.661848187E-2,-6.118426323E-1
4.090824494E0,3.475997746E-1,-3.349286690E-2,-5.445252657E-1
4.110676057E0,3.147177696E-1,-1.806241274E-1,-4.823042750E-1
4.130529182E0,2.705783844E-1,-3.446327150E-1,-4.256159961E-1
4.150382307E0,2.319717109E-1,-5.216091275E-1,-3.693465889E-1
4.170235432E0,2.071182281E-1,-6.924768090E-1,-3.183655143E-1
4.190086994E0,1.881290376E-1,-8.352622390E-1,-2.823768258E-1
4.209940119E0,1.645845473E-1,-9.450434446E-1,-2.584134340E-1
4.229793244E0,1.345823407E-1,-1.020232201E0,-2.385166883E-1
4.249644807E0,8.321730047E-2,-1.021192193E0,-2.183755934E-1
4.269497932E0,-2.000147291E-2,-9.018465281E-1,-1.884955615E-1
4.289351057E0,-4.303981960E-1,5.398303270E-2,-6.448991597E-2
4.309202619E0,-5.800601840E-1,4.271867871E-1,6.424556673E-2
4.329055744E0,-5.239652991E-1,1.811477244E-1,5.993460491E-2
4.348908869E0,-5.082573295E-1,5.035274848E-2,5.700245500E-2
4.368760432E0,-4.862312675E-1,-9.159488231E-2,4.527384043E-2
4.388613557E0,-4.207639694E-1,-3.422765136E-1,1.549852360E-2
4.408466682E0,-3.078586161E-1,-6.699097157E-1,-2.853613347E-2
4.428319807E0,-1.467996389E-1,-1.134149909E0,-1.265887320E-1
4.448171369E0,2.615899444E-1,-2.173458576E0,-3.324503005E-1
4.468030744E0,1.444783509E-1,-2.082404613E0,-4.082674086E-1
4.487877619E0,4.314453900E-2,-1.995208025E0,-4.604178667E-1
4.507729182E0,6.136577576E-2,-1.994666934E0,-4.466646612E-1
4.527582307E0,1.439896598E-2,-1.866158366E0,-4.233296216E-1
4.547435432E0,-2.609267272E-2,-1.687977672E0,-3.750537932E-1
4.567288557E0,-3.813544288E-2,-1.540183306E0,-3.297275901E-1
4.587140119E0,-5.166174471E-2,-1.391777873E0,-2.936691046E-1
4.606993244E0,-7.754497975E-2,-1.071946263E0,-1.854935884E-1
4.626846369E0,-9.046041220E-2,-7.206464410E-1,-5.171410739E-2
4.646697932E0,-1.006356850E-1,-3.639360666E-1,8.770279586E-2
4.666551057E0,-1.270774156E-1,-2.230530791E-2,2.044827789E-1
4.686404182E0,-1.307600737E-1,1.432391703E-1,2.354449183E-1
4.706255744E0,-1.154709831E-1,1.511804163E-1,1.965764314E-1
4.726108869E0,-1.114741787E-1,1.822996438E-1,1.595754474E-1
4.745961994E0,-1.281246245E-1,3.388731182E-1,1.546012610E-1
4.765813557E0,-1.553168446E-1,5.919109583E-1,1.730668545E-1
4.785666682E0,-1.784599125E-1,8.460832834E-1,1.969953179E-1
4.805519807E0,-1.895776689E-1,1.025223851E0,2.134188563E-1
4.825372932E0,-1.965938807E-1,1.174292445E0,2.263866514E-1
4.845224494E0,-1.988977194E-1,1.294458389E0,2.374345958E-1
4.865077619E0,-2.030865103E-1,1.427836418E0,2.601587772E-1
4.884930744E0,-1.891936958E-1,1.489778161E0,2.689552307E-1
4.904782307E0,2.865830623E-2,1.023094535E0,1.779363155E-1
4.924635432E0,4.351629317E-1,6.253514439E-2,-1.007054932E-2
4.944486994E0,6.021909714E-1,-3.304257393E-1,-1.163785532E-1
4.964340119E0,5.793969631E-1,-2.128428966E-1,-1.105142459E-1
4.984193244E0,5.811946392E-1,-1.304633617E-1,-9.766862541E-2
5.004046369E0,5.518556833E-1,9.599311277E-3,-8.728391677E-2
5.023897932E0,4.445353448E-1,3.013485372E-1,-7.478735596E-2
5.043751057E0,2.457249016E-1,8.668003082E-1,5.218534265E-3
5.063604182E0,1.223475765E-2,1.537320852E0,1.437453181E-1
5.083455744E0,-2.032784969E-1,2.142025232E0,3.232349753E-1
5.103308869E0,3.124139272E-3,1.704471111E0,3.802374303E-1
5.123160432E0,1.599768847E-1,1.393854856E0,4.459665418E-1
5.143013557E0,1.505346447E-1,1.348790407E0,4.203450978E-1
5.162872932E0,1.579173952E-1,1.275277138E0,3.873758316E-1
5.182719807E0,1.784773618E-1,1.147501588E0,3.187843859E-1
5.202571369E0,1.852492392E-1,1.016026020E0,2.332981676E-1
5.222424494E0,1.537809670E-1,9.957627058E-1,1.959830225E-1
5.242277619E0,4.637339711E-2,1.051525950E0,5.701990798E-2
5.262129182E0,-5.218534544E-2,1.085263133E0,-5.974261835E-2
5.281982307E0,-6.719517708E-2,9.637010098E-1,-9.608037770E-2
5.301835432E0,-6.035348400E-2,7.891855240E-1,-1.379508227E-1
5.321688557E0,-5.829399824E-2,6.749886274E-1,-1.484751552E-1
5.341540119E0,-5.024803057E-2,6.019465923E-1,-1.309171468E-1
5.361393244E0,-2.661627159E-2,4.434532523E-1,-1.107585952E-1
5.381246369E0,3.281218931E-3,2.090380788E-1,-9.384635091E-2
5.401097932E0,3.644247353E-2,-7.004006207E-2,-8.445648104E-2
5.420951057E0,8.735372871E-2,-3.857003152E-1,-7.986626774E-2
5.440804182E0,1.274613887E-1,-5.965535641E-1,-8.023278415E-2
5.460655744E0,1.460142434E-1,-7.513816953E-1,-8.321730047E-2
5.480508869E0,1.409004331E-1,-8.501149416E-1,-8.744099736E-2
5.500361994E0,1.245292425E-1,-9.166818261E-1,-8.894197643E-2
5.520215119E0,8.854055405E-2,-9.192998409E-1,-8.218755573E-2
5.540066682E0,-2.999697328E-1,-9.412560612E-2,-3.288200125E-2
5.559919807E0,-5.507910252E-1,5.034402013E-1,7.808603346E-2
5.579772932E0,-5.427450538E-1,4.400149584E-1,1.045452207E-1
5.599624494E0,-5.505815744E-1,4.006228745E-1,9.794788063E-2
5.619477619E0,-5.764299035E-1,4.140095413E-1,9.805259854E-2
5.639330744E0,-5.310688019E-1,2.450442314E-1,8.101818711E-2
5.659183869E0,-3.982317746E-1,-1.205848008E-1,3.632030264E-2
5.679035432E0,-1.354549974E-1,-9.178162813E-1,-1.560847908E-1
5.698888557E0,2.373647839E-1,-1.974892378E0,-3.587698936E-1
5.718741682E0,1.784075499E-1,-1.910489798E0,-3.978652656E-1
5.738593244E0,2.049714625E-1,-2.000426531E0,-4.200658500E-1
5.758446369E0,2.541199327E-1,-2.247373104E0,-4.942074418E-1
5.778299494E0,3.139847219E-1,-2.564517021E0,-5.809153914E-1
5.798151057E0,2.652027905E-1,-2.546470165E0,-5.971120596E-1
5.818004182E0,1.202880889E-1,-2.102353811E0,-5.126904845E-1
5.837857307E0,5.796238407E-2,-1.793762088E0,-4.327718318E-1
5.857715119E0,-5.215043947E-2,-1.191030145E0,-2.705434859E-1
5.877561994E0,-1.197819486E-1,-3.981270492E-1,2.441715635E-2
5.897415119E0,-9.670869261E-2,-2.085668407E-2,2.109055817E-1
5.917268244E0,-1.046324894E-1,9.574875981E-2,2.303660065E-1
5.937119807E0,-1.254018992E-1,2.044129670E-1,2.360732406E-1
5.956977619E0,-1.638689637E-1,4.055795968E-1,2.443635464E-1
5.976824494E0,-2.175378352E-1,7.216936350E-1,2.603332996E-1
5.996677619E0,-2.825688124E-1,1.127028942E0,2.811376452E-1
6.016530744E0,-3.533593714E-1,1.583833933E0,3.086091280E-1
6.036383869E0,-4.116533697E-1,2.007373095E0,3.404090106E-1
6.056235432E0,-4.305203557E-1,2.280848503E0,3.591713011E-1
6.076088557E0,-4.093320668E-1,2.384800434E0,3.596076369E-1
6.095941682E0,-3.740414977E-1,2.424349546E0,3.538829684E-1
6.115794807E0,-3.460813463E-1,2.489904165E0,3.511427939E-1
6.135646369E0,-3.353126645E-1,2.596351862E0,3.538655043E-1
6.155499494E0,-3.374245167E-1,2.731597424E0,3.597996235E-1
6.175351057E0,-3.065321743E-1,2.725383997E0,3.439171314E-1
6.195204182E0,-1.443387289E-2,1.892041564E0,1.726479679E-1
6.215057307E0,1.524195969E-1,1.427330256E0,7.944738865E-2
6.234908869E0,1.523846984E-1,1.483617067E0,7.627088577E-2
6.254761994E0,1.468345523E-1,1.515067935E0,7.764969766E-2
6.274615119E0,1.074599251E-1,1.641237855E0,8.504989743E-2
6.294468244E0,5.523966998E-2,1.737737060E0,1.472359747E-1
6.314319807E0,1.652826741E-2,1.700352073E0,3.304606378E-1
6.334172932E0,1.240929123E-2,1.581791878E0,3.636218905E-1
6.354024494E0,2.160368562E-1,8.989143968E-1,3.498512506E-1
6.373877619E0,3.689102530E-1,3.599741459E-1,3.315776587E-1
6.393730744E0,3.487691283E-1,3.089058101E-1,2.879793346E-1
6.413582307E0,2.973517478E-1,3.542320132E-1,2.303834558E-1
6.433435432E0,2.400874943E-1,4.280943573E-1,1.845860183E-1
6.453288557E0,2.057219595E-1,4.217064381E-1,1.616174877E-1
6.473141682E0,1.785297245E-1,3.971496820E-1,1.209513173E-1
6.492993244E0,1.472010612E-1,4.080405235E-1,5.031784251E-2
6.512846369E0,7.955210656E-2,5.647885203E-1,-3.108431399E-2
6.532699494E0,-1.017526910E-2,8.485092521E-1,-1.133765876E-1
6.552557307E0,-3.844960406E-2,8.674635291E-1,-1.529955566E-1
6.572404182E0,-4.939281847E-3,5.469163656E-1,-1.632930040E-1
6.592257307E0,6.588617712E-2,-5.131268129E-2,-1.805717647E-1
6.612108869E0,1.857553869E-1,-9.057735205E-1,-1.873087287E-1
6.631961994E0,2.984687686E-1,-1.759222031E0,-1.761386245E-1
6.651815119E0,3.756472170E-1,-2.436532021E0,-1.550026834E-1
6.671668244E0,4.287226796E-1,-2.949082851E0,-1.247910410E-1
6.691519807E0,4.483925402E-1,-3.255876780E0,-9.217083454E-2
6.711372932E0,-2.711194456E-1,-3.827856183E-1,-9.180432186E-3
6.731226057E0,-5.098630190E-1,5.362698436E-1,1.220334172E-1
6.751077619E0,-4.894077778E-1,2.861467302E-1,1.357866228E-1
6.770930744E0,-4.440292120E-1,-1.133765876E-1,1.127133593E-1
6.790790119E0,-3.498337865E-1,-7.866024375E-1,6.000442058E-2
6.810636994E0,-1.680926532E-1,-1.867205620E0,-2.686061710E-2
6.830488557E0,2.609092593E-1,-4.133271217E0,-2.857802212E-1
6.850341682E0,5.668829679E-1,-5.378651142E0,-3.922103941E-1
6.870194807E0,6.716375947E-1,-5.634795666E0,-4.138524830E-1
6.890046369E0,9.357233644E-1,-6.246324062E0,-4.898790121E-1
6.909899494E0,1.159020782E0,-6.527217388E0,-5.571789145E-1
6.929757307E0,1.175688744E0,-6.337098598E0,-5.789431930E-1
6.949604182E0,1.135546088E0,-6.008889198E0,-5.735849738E-1
6.969457307E0,1.045958400E0,-5.673716545E0,-5.702863336E-1
6.989310432E0,8.615294099E-1,-5.420224667E0,-5.733231902E-1
7.009161994E0,5.620309114E-1,-4.787228584E0,-4.651651382E-1
7.029015119E0,3.318918049E-1,-3.734079599E0,-2.802998722E-1
7.048868244E0,5.516985804E-2,-2.056085110E0,4.522148147E-2
7.068721369E0,-1.185776666E-1,-1.050024986E0,2.201209217E-1
7.088572932E0,-1.810604632E-1,-6.386508942E-1,2.638763189E-1
7.108426057E0,-2.575756907E-1,-2.265437394E-1,3.096213937E-1
7.128279182E0,-3.063925505E-1,6.033603102E-2,3.241600096E-1
7.148130744E0,-3.159220517E-1,2.367015481E-1,3.151541054E-1
7.167983869E0,-3.110002279E-1,4.280768931E-1,3.047170341E-1
7.187836994E0,-3.053104579E-1,6.506761909E-1,2.977182567E-1
7.207688557E0,-3.011740148E-1,8.885994554E-1,2.916794121E-1
7.227541682E0,-2.974041104E-1,1.132596493E0,2.902657092E-1
7.247399494E0,-2.962347269E-1,1.385337591E0,2.953446209E-1
7.267247932E0,-3.020292222E-1,1.674294353E0,3.019419611E-1
7.287099494E0,-2.966885269E-1,1.904346228E0,2.957460284E-1
7.306952619E0,-3.184178770E-1,2.247303486E0,2.942101657E-1
7.326805744E0,-3.252246380E-1,2.499084473E0,2.760238349E-1
7.346657307E0,-1.881814003E-1,1.979552388E0,1.784773618E-1
7.366510432E0,2.038370073E-1,3.521201611E-1,-8.813912980E-3
7.386363557E0,2.187072039E-1,5.152037144E-1,-3.804817796E-3
7.406215119E0,1.569225490E-1,1.016008496E0,2.996730246E-2
7.426068244E0,1.088561863E-1,1.419196963E0,5.038765445E-2
7.445921369E0,-2.185152285E-2,2.652917862E0,2.345198840E-1
7.465772932E0,-8.063421398E-2,3.301377535E0,3.768165708E-1
7.485626057E0,-6.565928459E-2,3.147945642E0,3.675837815E-1
7.505479182E0,4.049163777E-3,2.735541821E0,3.357315361E-1
7.525332307E0,2.334377915E-1,1.708520293E0,2.769663036E-1
7.545183869E0,2.599842548E-1,1.372177839E0,2.190562785E-1
7.565036994E0,2.169444263E-1,1.315576792E0,1.860520989E-1
7.584888557E0,1.888271719E-1,1.208518386E0,1.597150862E-1
7.604741682E0,1.626123190E-1,1.102716446E0,1.409178823E-1
7.624594807E0,1.421221644E-1,9.639278650E-1,1.142143458E-1
7.644447932E0,1.192583442E-1,7.627786994E-1,6.028367206E-2
7.664299494E0,7.773696631E-2,4.145680666E-1,-5.885250121E-2
7.684152619E0,6.218608096E-2,6.728244573E-2,-1.271297783E-1
7.704004182E0,1.135685742E-1,-4.395611584E-1,-1.406735331E-1
7.723857307E0,1.914626211E-1,-1.081301332E0,-1.505171955E-1
7.743710432E0,2.619215548E-1,-1.686703682E0,-1.612160653E-1
7.763561994E0,3.304257393E-1,-2.197125196E0,-1.655444801E-1
7.783415119E0,3.894353211E-1,-2.534113407E0,-1.610240787E-1
7.803268244E0,4.092797041E-1,-2.656705379E0,-1.524021477E-1
7.823121369E0,3.859097362E-1,-2.597678185E0,-1.384395212E-1
7.842972932E0,3.330437243E-1,-2.403423071E0,-1.177922711E-1
7.862826057E0,-9.269443899E-2,-1.361286998E0,-6.590363383E-2
7.882679182E0,-5.016075969E-1,1.289798319E-1,7.901105285E-2
7.902530744E0,-7.437720299E-1,1.351583004E0,2.624626160E-1
7.922383869E0,-6.908362508E-1,1.151288986E0,2.764077783E-1
7.942243244E0,-5.888391733E-1,6.699097157E-1,2.461263239E-1
7.962088557E0,-5.219407082E-1,3.243345320E-1,2.199463844E-1
7.981941682E0,-4.650953412E-1,-2.183406800E-2,1.719672978E-1
8.001794807E0,-3.552792072E-1,-5.377882719E-1,8.726646006E-2
8.021647932E0,-2.505594790E-1,-1.187364936E0,-6.585127115E-2
8.041499494E0,1.433089823E-1,-3.024568319E0,-5.077860951E-1
8.061352619E0,3.509857059E-1,-3.353824615E0,-5.849471092E-1
8.081205744E0,3.840422332E-1,-3.250675678E0,-5.697627068E-1
8.101057307E0,4.302411079E-1,-3.260816097E0,-5.937086344E-1
8.120910432E0,4.494222701E-1,-3.445018053E0,-6.778334975E-1
8.140763557E0,3.355744481E-1,-3.455332994E0,-6.932098866E-1
8.160616682E0,2.301914692E-1,-3.217392206E0,-6.257354617E-1
8.180468244E0,1.822298318E-1,-2.861606836E0,-5.394812822E-1
8.200321369E0,4.497713596E-2,-2.012573957E0,-2.913652658E-1
8.220174494E0,-3.926990926E-2,-7.628310323E-1,6.977826357E-2
8.240026057E0,-7.517132908E-2,-2.715034187E-1,1.942376941E-1
8.259879182E0,-1.079660654E-1,-2.113593742E-2,2.432814389E-1
8.279732307E0,-1.546885371E-1,2.028596252E-1,2.889218032E-1
8.299583869E0,-1.967858672E-1,3.514744043E-1,3.052580953E-1
8.319436994E0,-2.204350829E-1,4.734729230E-1,2.973691821E-1
8.339290119E0,-2.371553332E-1,6.180210710E-1,2.837730944E-1
8.359141682E0,-2.573488057E-1,8.374438882E-1,2.835461795E-1
8.378994807E0,-2.758667469E-1,1.079206944E0,2.918539643E-1
8.398847932E0,-2.887996435E-1,1.342454910E0,3.067416251E-1
8.418701057E0,-2.882934809E-1,1.609333158E0,3.239680231E-1
8.438552619E0,-2.779611349E-1,1.859526157E0,3.392745554E-1
8.458405744E0,-2.793050408E-1,2.184017658E0,3.641978502E-1
8.478258869E0,-2.911034524E-1,2.557395935E0,3.961024582E-1
8.498110432E0,-3.052231669E-1,2.899969339E0,4.213399291E-1
8.517963557E0,-1.778490469E-2,1.888760448E0,2.392148226E-1
8.537816682E0,3.193952441E-1,7.361100912E-1,4.494222626E-2
8.557668244E0,3.036000133E-1,9.099274278E-1,4.768239334E-2
8.577521369E0,2.808758318E-1,1.135860324E0,5.960299447E-2
8.597374494E0,2.534218132E-1,1.396036506E0,7.974409312E-2
8.617226057E0,1.929985136E-1,1.747109532E0,1.077217236E-1
8.637085432E0,7.836528122E-2,2.267392159E0,1.512676924E-1
8.656932307E0,1.071632132E-1,2.363210678E0,2.119004279E-1
8.676785432E0,1.941853315E-1,2.197648764E0,2.583959997E-1
8.696636994E0,2.133141458E-1,2.065195799E0,2.486047000E-1
8.716490119E0,2.032610476E-1,1.944523692E0,2.177647352E-1
8.736343244E0,1.527861208E-1,1.870120287E0,1.734857261E-1
8.756194807E0,7.913322747E-2,1.846663117E0,1.328020990E-1
8.776047932E0,6.756169349E-2,1.647817731E0,1.134813055E-1
8.795901057E0,6.190682948E-2,1.447803020E0,9.983283281E-2
8.815752619E0,5.536184460E-2,1.266323686E0,7.379251719E-2
8.835605744E0,2.848377265E-2,1.081510663E0,3.207915276E-2
8.855458869E0,-4.307472706E-2,9.340827465E-1,-2.501056902E-2
8.875310432E0,-6.513568759E-2,6.150714755E-1,-5.447172746E-2
8.895163557E0,-3.588397056E-2,1.046848446E-1,-8.801695704E-2
8.915016682E0,3.530801088E-2,-5.034053326E-1,-1.268330812E-1
8.934868244E0,1.105142459E-1,-1.031594276E0,-1.572192609E-1
8.954721369E0,1.799085438E-1,-1.475344300E0,-1.769763827E-1
8.974574494E0,2.197020501E-1,-1.790306330E0,-1.912706345E-1
8.994426057E0,2.412394136E-1,-1.968818665E0,-1.859299242E-1
9.014279182E0,1.990897059E-1,-1.893525124E0,-1.590867639E-1
9.034132307E0,-4.571191967E-1,1.672199965E-1,2.717477642E-2
9.053983869E0,-7.302283049E-1,1.399387479E0,2.467197478E-1
9.073836994E0,-7.424107194E-1,1.411063790E0,2.950479090E-1
9.093690119E0,-6.680422425E-1,9.060702324E-1,2.378534675E-1
9.113541682E0,-6.071825624E-1,4.439244866E-1,1.799608916E-1
9.133394807E0,-4.809952974E-1,-2.024756521E-1,9.716247767E-2
9.153247932E0,-3.268478215E-1,-8.584576249E-1,9.180432186E-3
9.173101057E0,-1.713564247E-1,-1.693283558E0,-1.962971836E-1
9.192952619E0,2.106612362E-2,-2.500969648E0,-3.949854672E-1
9.212805744E0,2.966710627E-1,-3.279700518E0,-5.840046406E-1
9.232658869E0,5.510528088E-1,-3.762493610E0,-7.209256887E-1
9.252510432E0,6.170088053E-1,-3.784484625E0,-7.544360161E-1
9.272363557E0,6.222273111E-1,-3.680934191E0,-7.571238279E-1
9.292216682E0,5.898340344E-1,-3.502107859E0,-7.334048152E-1
9.312069807E0,5.148372054E-1,-3.170076370E0,-6.545508504E-1
9.331926057E0,3.045075834E-1,-2.799525499E0,-5.594303608E-1
9.351774494E0,8.400269598E-2,-2.154207468E0,-3.604454100E-1
9.371627619E0,-2.000147291E-2,-1.459514141E0,-1.439373046E-1
9.391479182E0,-7.534586638E-2,-9.531766772E-1,2.286381321E-3
9.411332307E0,-1.156804189E-1,-5.938657522E-1,9.674359858E-2
9.431190119E0,-1.672548950E-1,-2.112895548E-1,2.082526833E-1
9.451036994E0,-2.096489519E-1,4.413937777E-2,2.666164935E-1
9.470890119E0,-2.248682231E-1,1.767145842E-1,2.659358084E-1
9.490743244E0,-2.217266262E-1,2.767917514E-1,2.416059226E-1
9.510596369E0,-2.124763876E-1,3.957184851E-1,2.189690024E-1
9.530447932E0,-2.086541057E-1,5.906717777E-1,2.191086262E-1
9.550301057E0,-2.103645355E-1,8.182278275E-1,2.342231870E-1
9.570154182E0,-2.261248529E-1,1.088649154E0,2.607696354E-1
9.590005744E0,-2.592163086E-1,1.463388801E0,3.127630055E-1
9.609858869E0,-3.097959459E-1,1.970092773E0,3.987030089E-1
9.629711994E0,-3.100228310E-1,2.282803297E0,4.361054301E-1
9.649563557E0,-3.077713549E-1,2.494372129E0,4.475722313E-1
9.669416682E0,1.411622316E-1,1.316815972E0,2.194402516E-1
9.689269807E0,2.986258268E-1,7.988371849E-1,7.101744413E-2
9.709121369E0,2.497217059E-1,9.837897420E-1,7.960446924E-2
9.728974494E0,2.280796319E-1,1.127273202E0,8.803440630E-2
9.748826057E0,2.480287403E-1,1.205027699E0,9.923942387E-2
9.768680744E0,2.435083389E-1,1.335892439E0,1.213527396E-1
9.788532307E0,1.921782047E-1,1.558910608E0,1.516342014E-1
9.808385432E0,2.416059226E-1,1.506620526E0,1.703092307E-1
9.828238557E0,2.829702199E-1,1.418900371E0,1.793849468E-1
9.848090119E0,2.789559662E-1,1.394081712E0,1.747598201E-1
9.867943244E0,2.016902417E-1,1.469654441E0,1.492780149E-1
9.887796369E0,1.411098689E-1,1.513916016E0,1.259255111E-1
9.907649494E0,1.172337681E-1,1.462777853E0,1.101477295E-1
9.927501057E0,9.140289575E-2,1.394361019E0,9.939649701E-2
9.947352619E0,7.468263805E-2,1.287442088E0,8.909905702E-2
9.967207307E0,5.342452973E-2,1.183682323E0,8.014551550E-2
9.987058869E0,1.099557430E-2,1.115666866E0,5.925392732E-2
1.000691199E1,-1.614429615E-2,1.044509768E0,4.687954485E-2
1.002676981E1,-1.221730490E-3,8.475667834E-1,2.518510073E-2
1.004661668E1,3.146828711E-2,5.418199897E-1,-9.826203808E-3
1.006646981E1,9.388125688E-2,5.625196174E-2,-7.122688740E-2
1.008632293E1,1.505346447E-1,-4.082325101E-1,-1.193281636E-1
1.010617449E1,1.835213751E-1,-7.926063538E-1,-1.575857848E-1
1.012602762E1,2.056695968E-1,-1.064476252E0,-1.707979143E-1
1.014588074E1,1.730493903E-1,-1.093536019E0,-1.509186178E-1
1.016573231E1,-4.278151095E-1,5.508782864E-1,-1.722639985E-2
1.018558543E1,-7.261442542E-1,1.711434960E0,1.992642432E-1
1.020543856E1,-7.136301994E-1,1.674852848E0,2.668783069E-1
1.022529012E1,-6.372022629E-1,1.244053245E0,2.223898470E-1
1.024514324E1,-5.452059507E-1,7.816282511E-1,1.789136976E-1
1.026499481E1,-4.231027067E-1,2.068564296E-1,1.209862232E-1
1.028484793E1,-3.326248527E-1,-3.004584312E-1,4.091051593E-2
1.030470106E1,-1.835737228E-1,-1.289257288E0,-2.141519040E-1
1.032455418E1,6.946410239E-2,-2.400211573E0,-4.262093902E-1
1.034440574E1,4.370478988E-1,-3.501305103E0,-6.054547429E-1
1.036425887E1,6.731385589E-1,-4.055325031E0,-7.065441608E-1
1.038411199E1,7.359355092E-1,-4.175944328E0,-7.360576987E-1
1.040396356E1,7.645589113E-1,-4.216732979E0,-7.576299906E-1
1.042381668E1,7.427772284E-1,-4.083320141E0,-7.414682508E-1
1.044366981E1,6.306747198E-1,-3.826424837E0,-6.937858462E-1
1.046352293E1,4.763876200E-1,-3.472297668E0,-6.117728353E-1
1.048337449E1,2.726553380E-1,-2.817938805E0,-4.451462328E-1
1.050322762E1,5.377359316E-2,-1.633890033E0,-1.346870512E-1
1.052308074E1,-7.127925009E-2,-8.168315291E-1,6.541494280E-2
1.054293231E1,-1.177224591E-1,-4.883082211E-1,1.234820411E-1
1.056278543E1,-1.947962046E-1,-6.094689667E-2,2.034181207E-1
1.058263699E1,-2.716605067E-1,3.444756269E-1,2.625149786E-1
1.060249012E1,-3.237585723E-1,6.592631936E-1,2.839127183E-1
1.062234324E1,-3.475648761E-1,9.024922848E-1,2.892883122E-1
1.064219637E1,-3.566405773E-1,1.126295924E0,2.892010510E-1
1.066204949E1,-3.751410544E-1,1.463388801E0,3.077364564E-1
1.068190106E1,-4.147949517E-1,1.966043591E0,3.537084162E-1
1.070175418E1,-4.944343269E-1,2.803260565E0,4.434008896E-1
1.072160731E1,-5.875301957E-1,3.819618225E0,5.625021458E-1
1.074145887E1,-6.454925537E-1,4.652227402E0,6.618812084E-1
1.076131199E1,-6.520724893E-1,5.116851330E0,7.042927146E-1
1.078116512E1,-6.324549317E-1,5.323498726E0,7.115358114E-1
1.080101668E1,7.155850064E-3,2.236412525E0,2.783451080E-1
1.082086981E1,3.511951566E-1,6.491577625E-1,5.595525727E-2
1.084072293E1,2.610838115E-1,1.188534260E0,6.201154739E-2
1.086057449E1,1.658062786E-1,1.799766064E0,8.417722583E-2
1.088042762E1,4.527384043E-2,2.517916679E0,1.124515608E-1
1.090028074E1,-1.055575162E-1,3.320820570E0,1.494525373E-1
1.092013387E1,-1.102349982E-1,3.515895844E0,3.000046313E-1
1.093998543E1,2.874557301E-2,2.971248627E0,3.721216619E-1
1.095983856E1,3.939208016E-2,2.834030628E0,3.489611149E-1
1.097969168E1,7.157595456E-2,2.617243290E0,3.278251886E-1
1.099954324E1,9.824458510E-2,2.390717030E0,3.009645641E-1
1.101939637E1,5.941100791E-2,2.403632641E0,2.612408698E-1
1.103924949E1,3.659955412E-2,2.343680382E0,2.197893113E-1
1.105910106E1,2.305579931E-2,2.221385241E0,1.891064197E-1
1.107895418E1,1.307251584E-2,2.058161974E0,1.689653248E-1
1.109880731E1,-2.195624262E-2,1.981838822E0,1.291194558E-1
1.111866043E1,-9.456194192E-2,2.078826666E0,7.199483365E-2
1.113851199E1,-1.236216724E-1,2.033116579E0,4.106759652E-2
1.115836512E1,-1.262920201E-1,1.928868055E0,1.403244678E-2
1.117821824E1,-1.167625263E-1,1.850502729E0,-2.488839440E-2
1.119806981E1,-9.974556416E-2,1.685830951E0,-7.323401421E-2
1.121792293E1,-6.042329967E-2,1.287145376E0,-1.238660142E-1
1.123777606E1,2.707005665E-2,4.848873615E-1,-1.676214188E-1
1.125762762E1,1.306378990E-1,-5.488187671E-1,-1.972047538E-1
1.127747918E1,2.453583926E-1,-1.719899774E0,-2.031563222E-1
1.129733387E1,3.368485570E-1,-2.783224106E0,-1.778839529E-1
1.131718543E1,-7.016049027E-1,3.560750961E0,3.555235639E-2
1.133703856E1,-8.529947400E-1,3.673481703E0,2.688330710E-1
1.135689168E1,-7.530921102E-1,2.901941538E0,2.994286716E-1
1.137674949E1,-6.765419841E-1,2.508753777E0,2.674542665E-1
1.139659637E1,-6.176894903E-1,2.122721672E0,2.557780147E-1
1.141644793E1,-5.485395193E-1,1.647695541E0,2.389879376E-1
1.143630106E1,-4.523893297E-1,1.060182810E0,1.802576035E-1
1.145615418E1,-4.339935780E-1,1.190541387E0,1.510407925E-1
1.147600731E1,-6.209881306E-1,4.387094498E0,3.383844197E-1
1.149586043E1,-1.404187202E0,1.475822449E1,1.303795815E0
1.151571356E1,-1.608320951E0,1.432166576E1,1.048820734E0
1.153556512E1,-1.597796559E0,1.280600452E1,7.974234819E-1
1.155541668E1,-1.490266800E0,1.132772827E1,6.477091312E-1
1.157526981E1,-1.367692351E0,9.964940071E0,5.391671062E-1
1.159512293E1,-1.230457067E0,8.355554581E0,4.778362513E-1
1.161497606E1,-1.087182999E0,6.941872597E0,4.630533159E-1
1.163482762E1,-9.609434009E-1,6.166388035E0,4.530525804E-1
1.165468074E1,-8.040382862E-1,6.339314938E0,6.682167649E-1
1.167453387E1,-7.139269114E-1,6.971525669E0,8.666607141E-1
1.169438543E1,-6.389476061E-1,6.320168972E0,8.094662428E-1
1.171423856E1,-5.758015513E-1,5.717943192E0,7.892902493E-1
1.173409168E1,-4.906294942E-1,4.669454098E0,7.326019406E-1
1.175394324E1,-3.578972220E-1,3.215559721E0,5.921727419E-1
1.177379637E1,-1.760862619E-1,1.380520582E0,3.655242920E-1
1.179364949E1,-1.588249579E-3,-2.642253935E-1,1.416683793E-1
1.181350262E1,1.307949722E-1,-1.472150326E0,-2.586578019E-2
1.183335418E1,2.130348831E-1,-2.259398460E0,-1.368512660E-1
1.185320731E1,2.735280097E-1,-2.901400328E0,-2.269451618E-1
1.187306043E1,3.173532188E-1,-3.356809139E0,-2.876477242E-1
1.189291199E1,3.602010608E-1,-3.811432600E0,-3.295181692E-1
1.191276512E1,3.873234689E-1,-4.106131554E0,-3.504795730E-1
1.193261824E1,4.018795192E-1,-4.155716419E0,-3.528532088E-1
1.195246981E1,5.751557946E-1,-3.758095264E0,-2.320938855E-1
1.197232293E1,6.470633745E-1,-1.219636083E0,-4.595451802E-2
1.199217606E1,6.121916771E-1,-9.923942089E-1,-8.979719132E-2
1.201202918E1,6.298020482E-1,-1.739272952E0,-1.300444752E-1
1.203188074E1,6.251769066E-1,-2.220442772E0,-1.503950208E-1
1.205173387E1,6.032904983E-1,-2.536661625E0,-1.597150862E-1
1.207158699E1,5.716825724E-1,-2.754653215E0,-1.579348445E-1
1.209143856E1,5.888217092E-1,-3.254079103E0,-1.137605608E-1
1.211129168E1,7.125656009E-1,-4.553860664E0,1.333431527E-2
1.213114481E1,7.041356564E-1,-4.690764427E0,5.309291556E-2
1.215099793E1,6.457369328E-1,-4.442264557E0,5.745624006E-2
1.217084949E1,5.881236196E-1,-4.160061836E0,5.431464687E-2
1.219070262E1,5.232322812E-1,-3.723973989E0,3.391174600E-2
1.221055574E1,4.699124396E-1,-3.356076241E0,1.535889693E-2
1.223040731E1,4.250051379E-1,-3.040503263E0,6.457718089E-3
1.225026043E1,3.766420484E-1,-2.708471775E0,1.117010717E-3
1.227011356E1,3.142290711E-1,-2.227057457E0,-2.104867063E-2
1.228996512E1,1.796467453E-1,-1.236426115E0,-9.803514183E-2
1.230981824E1,1.048244759E-1,-8.033750653E-1,-1.274788529E-1
1.232967137E1,8.047713339E-2,-5.732533932E-1,-1.460491568E-1
1.234952293E1,7.286749780E-2,-2.410823256E-1,-1.741140485E-1
1.236937606E1,1.556833647E-2,6.591759324E-1,-2.048667520E-1
1.238922918E1,-1.941504180E-1,3.181857347E0,-2.336297780E-1
1.240908231E1,-6.498559117E-1,7.281827927E0,-2.392497361E-1
1.242893387E1,-8.343371749E-1,8.413900375E0,-2.254965454E-1
1.244878699E1,-9.009913206E-1,8.730748177E0,-1.857030392E-1
1.246864012E1,-3.170914054E-1,2.248507738E-1,-7.550293952E-2
1.248849168E1,-2.914525270E-1,-2.177804470E0,-6.852162629E-2
1.250834481E1,-2.796191871E-1,-2.910668135E0,-5.572836101E-2
1.252819637E1,-2.589195967E-1,-2.600505590E0,-4.670501128E-2
1.254804949E1,-2.437526882E-1,-2.347974062E0,-4.061381146E-2
1.256790262E1,-2.421120703E-1,-1.979604840E0,-2.439970337E-2
1.258775418E1,-2.745053768E-1,-1.065959811E0,4.492477328E-2
1.260760731E1,-7.946134806E-1,6.940109730E0,8.480205536E-1
1.262746043E1,-1.007351637E0,9.713978767E0,9.466142058E-1
1.264731356E1,-1.008590817E0,9.232163429E0,6.025923491E-1
1.266716512E1,-9.480628371E-1,8.473329544E0,3.389429450E-1
1.268701824E1,-8.756491542E-1,7.579563618E0,1.941504180E-1
1.270687137E1,-8.079827428E-1,6.611063004E0,7.618362457E-2
1.272672293E1,-7.479259372E-1,5.736740112E0,-2.234021388E-2
1.274657606E1,-6.921800971E-1,5.083951950E0,-2.778564207E-2
1.276642918E1,-6.756343842E-1,4.201810360E0,2.007128671E-2
1.278628074E1,-6.501700282E-1,3.586808681E0,1.292416304E-1
1.280613387E1,-6.127501726E-1,3.450777769E0,2.623229921E-1
1.282598699E1,-5.868844390E-1,3.758741140E0,4.757592976E-1
1.284583856E1,-5.698325634E-1,4.118488312E0,6.602929831E-1
1.286569168E1,-5.294281840E-1,3.952350378E0,6.763674617E-1
1.288554481E1,-5.121668577E-1,3.921842098E0,7.146948576E-1
1.290539637E1,-4.902455211E-1,3.765512943E0,7.077310085E-1
1.292524949E1,-4.508360028E-1,3.464565754E0,6.547951698E-1
1.294510262E1,-3.900287151E-1,2.957565069E0,5.630083084E-1
1.296495574E1,-3.126582801E-1,2.280429840E0,4.534365237E-1
1.298480731E1,-2.316749990E-1,1.564216375E0,3.513347805E-1
1.300466043E1,-1.443910897E-1,7.322179675E-1,2.456725389E-1
1.302451356E1,2.642428502E-2,-1.137431026E0,2.691297606E-2
1.304436512E1,4.527733028E-1,-5.905443668E0,-5.372996330E-1
1.306421824E1,7.646113038E-1,-9.371022224E0,-9.768782258E-1
1.308407137E1,8.081398010E-1,-9.666680336E0,-1.016741514E0
1.310392293E1,-5.264261961E-1,9.166818619E0,8.726122379E-1
1.312377606E1,-1.367290914E-1,6.176109314E0,4.253192842E-1
1.314362918E1,-1.237787530E-1,5.554649830E0,3.478092253E-1
1.316348231E1,-2.052158117E-1,5.784457684E0,3.432539105E-1
1.318333387E1,-3.995058537E-1,7.059577465E0,3.741636872E-1
1.320318699E1,-6.817779541E-1,9.062691689E0,4.027521908E-1
1.322304012E1,-8.134804964E-1,9.872315407E0,3.770609200E-1
1.324289168E1,-7.972489595E-1,1.010611916E1,4.032583237E-1
1.326274481E1,-6.895970106E-1,9.345819473E0,3.766245842E-1
1.328259793E1,-4.434183538E-1,7.889150143E0,3.530626595E-1
1.330245106E1,-3.443360031E-1,6.982940197E0,3.097784817E-1
1.332230262E1,-3.486120701E-1,6.539347172E0,2.681174874E-1
1.334215574E1,-3.423987031E-1,6.011838913E0,2.224945724E-1
1.336200731E1,-3.554886580E-1,5.632037640E0,1.947612911E-1
1.338186043E1,-3.551221490E-1,5.202390194E0,1.742013097E-1
1.340171356E1,-3.439345956E-1,4.753787994E0,1.489987522E-1
1.342156668E1,-3.466747403E-1,4.410726070E0,1.010196581E-1
1.344141824E1,-3.132342398E-1,3.779702425E0,6.096434966E-2
1.346127137E1,-2.210983038E-1,2.628064394E0,2.384119667E-2
1.348112449E1,-7.600908726E-2,1.015362740E0,-7.679448463E-4
1.350097762E1,8.869763464E-2,-6.899809837E-1,-2.558652684E-2
1.352082918E1,2.350958437E-1,-2.082160234E0,-4.838052765E-2
1.354068231E1,3.634299040E-1,-3.115779161E0,-6.483898312E-2
1.356053543E1,4.543964565E-1,-3.728197813E0,-7.681193948E-2
1.358038699E1,4.894775748E-1,-3.931371689E0,-8.508480340E-2
1.360024012E1,4.660901725E-1,-3.790401220E0,-8.189085126E-2
1.362009324E1,-4.337143153E-2,-2.380245209E0,-1.079835221E-1
1.363994481E1,-8.698895574E-1,2.713812351E0,2.007652223E-1
1.365979793E1,-9.287420511E-1,3.319127560E0,3.568674624E-1
1.367965106E1,-7.558322549E-1,1.857623696E0,2.580120265E-1
1.369950262E1,-6.557725668E-1,9.838246703E-1,1.906946748E-1
1.371935574E1,-5.037718415E-1,-1.145285070E-1,9.594074637E-2
1.373920887E1,-3.108082414E-1,-1.321266651E0,-2.993239649E-2
1.375906199E1,-2.221804112E-1,-1.864081502E0,-1.012116447E-1
1.377891356E1,1.648288965E-1,-4.278255939E0,-5.517683625E-1
1.379876668E1,4.050909281E-1,-4.694010735E0,-6.339908242E-1
1.381861981E1,5.007349849E-1,-4.515969753E0,-6.283883452E-1
1.383847137E1,6.046867967E-1,-4.421791553E0,-6.539050341E-1
1.385832449E1,7.049559355E-1,-4.434061527E0,-7.241021991E-1
1.387817762E1,6.931574941E-1,-4.277976513E0,-7.403512001E-1
1.389803074E1,6.199933290E-1,-3.980136156E0,-7.022855878E-1
1.391788231E1,4.804717004E-1,-3.759701014E0,-6.639407277E-1
1.393773387E1,3.036523759E-1,-3.331851006E0,-5.491678715E-1
1.395758856E1,1.641307622E-1,-2.560659885E0,-3.510206044E-1
1.397744012E1,-1.207767799E-2,-1.051246762E0,5.227261037E-2
1.399729324E1,-9.450957924E-2,-4.539950490E-1,1.930508614E-1
1.401714481E1,-1.272519529E-1,-2.281668931E-1,2.288301140E-1
1.403699793E1,-1.912357211E-1,5.834635720E-2,2.732312977E-1
1.405685106E1,-2.681523860E-1,3.544414639E-1,3.077189922E-1
1.407670262E1,-3.155729771E-1,5.775119662E-1,3.103370070E-1
1.409655574E1,-3.317870796E-1,7.659202814E-1,2.967059612E-1
1.411640887E1,-3.390127420E-1,1.011470675E0,2.948210239E-1
1.413626199E1,-3.461686075E-1,1.326223373E0,3.109827638E-1
1.415611356E1,-3.711442649E-1,1.773167253E0,3.484200835E-1
1.417596668E1,-4.188266695E-1,2.401119232E0,4.122816622E-1
1.419581824E1,-4.819203019E-1,3.239191532E0,5.075068474E-1
1.421567137E1,-5.834112167E-1,4.466227531E0,6.705904007E-1
1.423552449E1,-6.196791530E-1,5.218115330E0,7.552039623E-1
1.425537762E1,-5.820149183E-1,5.318855762E0,7.358482480E-1
1.427522918E1,2.335599661E-1,1.163419008E0,1.303586364E-1
1.429508231E1,3.872362077E-1,6.014578938E-1,2.848377265E-2
1.431493543E1,2.761634588E-1,1.216284990E0,6.359979510E-2
1.433478699E1,1.674468815E-1,1.871917963E0,1.098335683E-1
1.435464012E1,1.237438433E-2,2.778249979E0,1.892635077E-1
1.437449324E1,-2.161066681E-1,4.072010040E0,3.420321643E-1
1.439434481E1,-1.960004717E-1,4.039023399E0,3.695036471E-1
1.441419793E1,3.467969224E-2,3.121695995E0,3.876201808E-1
1.443405106E1,9.431759268E-2,2.752314329E0,3.511078954E-1
1.445390418E1,9.800023586E-2,2.563068390E0,3.115587234E-1
1.447375574E1,1.201659217E-1,2.280080557E0,2.561270595E-1
1.449360887E1,8.379326016E-2,2.219936609E0,2.177821845E-1
1.451346199E1,5.562364310E-2,2.090049267E0,1.916196942E-1
1.453331356E1,3.961897269E-2,1.885706067E0,1.688082516E-1
1.455316668E1,3.188716620E-2,1.650488019E0,1.272519529E-1
1.457301981E1,2.082177810E-2,1.462952375E0,7.562511414E-2
1.459287137E1,-8.883725852E-3,1.328509688E0,2.429498360E-2
1.461272449E1,-1.672025397E-2,1.011959314E0,-1.741838641E-2
1.463257762E1,1.034980267E-2,4.771555662E-1,-3.853686899E-2
1.465243074E1,7.625343651E-2,-2.850471735E-1,-6.358234584E-2
1.467228231E1,1.578650326E-1,-1.133259773E0,-9.564404190E-2
1.469213543E1,2.918888628E-1,-2.130837679E0,-1.208116934E-1
1.471198856E1,4.128750861E-1,-2.961946011E0,-1.376715750E-1
1.473184012E1,4.842067063E-1,-3.521096945E0,-1.585806161E-1
1.475169324E1,5.067912340E-1,-3.779300928E0,-1.690874994E-1
1.477154637E1,-1.245641485E-1,-2.007023811E0,-2.337344885E-1
1.479139793E1,-8.216835260E-1,2.027758360E0,1.331860721E-1
1.481125106E1,-8.831365705E-1,2.459936857E0,2.874557376E-1
1.483110418E1,-7.464249730E-1,1.381428123E0,2.041860670E-1
1.485096199E1,-6.084043384E-1,2.342231870E-1,8.805186301E-2
1.487080887E1,-4.320562482E-1,-1.018539190E0,-3.677408770E-2
1.489066199E1,-2.512750626E-1,-2.098741055E0,-1.548456103E-1
1.491051512E1,-1.332035214E-1,-2.775300503E0,-2.496518940E-1
1.493036668E1,1.903805137E-1,-4.591961384E0,-6.092944145E-1
1.495021981E1,6.088930368E-1,-5.667363167E0,-8.203396797E-1
1.497007293E1,8.326092958E-1,-5.624253750E0,-8.355938196E-1
1.498992449E1,9.176940918E-1,-5.383310795E0,-8.300262094E-1
1.500977762E1,9.071348906E-1,-5.054805279E0,-8.055567145E-1
1.502963074E1,9.014450908E-1,-4.812483788E0,-8.128696680E-1
1.504948387E1,8.258548975E-1,-4.472214222E0,-7.700741887E-1
1.506933543E1,6.545159221E-1,-4.267382145E0,-7.431437373E-1
1.508918856E1,4.261395931E-1,-3.909188509E0,-6.319836974E-1
1.510904168E1,2.645570040E-1,-3.253014565E0,-4.422664344E-1
1.512889949E1,1.566433012E-1,-2.600086689E0,-2.658834457E-1
1.514874637E1,4.810127243E-2,-1.997389674E0,-1.072504818E-1
1.516859949E1,-4.007275775E-2,-1.515504241E0,1.059414819E-2
1.518845106E1,-1.244419739E-1,-1.030599475E0,1.264840066E-1
1.520830418E1,-1.709200889E-1,-7.692015171E-1,1.745329201E-1
1.522815731E1,-1.687733382E-1,-7.336142659E-1,1.625599712E-1
1.524800887E1,-1.339540184E-1,-8.138819337E-1,1.222777665E-1
1.526786199E1,-8.894197643E-2,-9.240820408E-1,7.538077235E-2
1.528771512E1,-5.923647434E-2,-9.282184243E-1,5.354670063E-2
1.530756668E1,-4.473278672E-2,-8.507782221E-1,5.283111706E-2
1.532741981E1,-4.344124347E-2,-7.118499875E-1,6.553710997E-2
1.534727293E1,-7.080800831E-2,-3.978303373E-1,1.214749143E-1
1.536712449E1,-1.810255498E-1,3.476172388E-1,2.660230696E-1
1.538697762E1,-2.167524397E-1,9.818175435E-1,3.499036133E-1
1.540682918E1,-2.614503168E-2,1.453580022E0,3.691371381E-1
1.542668231E1,3.735528290E-1,8.163253665E-1,1.691049486E-1
1.544653543E1,4.525638819E-1,6.219480634E-1,9.267698228E-2
1.546638856E1,3.856130540E-1,7.405431867E-1,9.513789415E-2
1.548624168E1,3.200584650E-1,9.288642406E-1,1.084024012E-1
1.550609324E1,2.331934422E-1,1.266306162E0,1.337794811E-1
1.552594637E1,1.139350906E-1,1.867764115E0,1.831199378E-1
1.554579793E1,-7.976154797E-3,2.870351076E0,2.714335918E-1
1.556565106E1,-5.773549154E-2,3.571676731E0,3.319616318E-1
1.558550418E1,-7.485716790E-2,3.897355080E0,3.514395058E-1
1.560535574E1,-2.680825815E-2,3.682190895E0,3.231651485E-1
1.562520887E1,-5.265658349E-2,3.628277779E0,2.928313315E-1
1.564506199E1,-7.166321576E-2,3.483083725E0,2.535090744E-1
1.566491512E1,-9.070476145E-2,3.321605921E0,2.199289352E-1
1.568476668E1,-9.944885969E-2,3.090018272E0,1.928239763E-1
1.570461981E1,-1.000597253E-1,2.810050011E0,1.731192023E-1
1.572447293E1,-1.018399596E-1,2.490061283E0,1.453510225E-1
1.574432449E1,-1.200611964E-1,2.223758936E0,1.057145894E-1
1.576417762E1,-1.036201939E-1,1.844795585E0,7.461282611E-2
1.578403074E1,-3.995058686E-2,1.143469930E0,3.930481523E-2
1.580388387E1,4.258603230E-2,2.826909721E-1,-4.276056774E-3
1.582373543E1,1.553343087E-1,-7.614871264E-1,-5.115560070E-2
1.584358856E1,2.852042615E-1,-1.787845492E0,-9.403833747E-2
1.586344168E1,3.840073347E-1,-2.557483196E0,-1.366418302E-1
1.588329324E1,4.358959794E-1,-3.010151863E0,-1.693318486E-1
1.590314637E1,4.222474992E-1,-3.050137281E0,-1.714262366E-1
1.592299949E1,-1.189616397E-1,-2.466883183E0,-1.850398034E-1
1.594285106E1,-8.923693895E-1,2.903582096E0,2.820626497E-1
1.596270418E1,-9.378875494E-1,3.989944935E0,4.879940450E-1
1.598255731E1,-7.723256350E-1,2.365287542E0,3.452959359E-1
1.600240887E1,-6.079679728E-1,8.181056380E-1,2.017600536E-1
1.602226199E1,-4.483052790E-1,-3.816336989E-1,9.464920312E-2
1.604211512E1,-3.019419611E-1,-1.322680354E0,-9.843656793E-3
1.606196824E1,-1.903281510E-1,-2.149529934E0,-1.427155733E-1
1.608181981E1,4.473278672E-2,-3.550051928E0,-4.219682515E-1
1.610167762E1,3.919660449E-1,-4.306652069E0,-6.200805902E-1
1.612152606E1,5.953492522E-1,-4.244570732E0,-6.715852618E-1
1.614137918E1,6.697002649E-1,-4.115783215E0,-7.034025788E-1
1.616123074E1,6.616542935E-1,-3.916483879E0,-6.985855103E-1
1.618108387E1,6.500827670E-1,-3.785008192E0,-7.147297859E-1
1.620093699E1,5.835334063E-1,-3.567784548E0,-6.843261719E-1
1.622078856E1,4.423013330E-1,-3.429554462E0,-6.420367956E-1
1.624064637E1,2.532298267E-1,-3.095027208E0,-5.065992475E-1
1.626049481E1,1.058716699E-1,-2.411765814E0,-2.896373868E-1
1.628034637E1,7.941247895E-3,-1.653158426E0,-8.452629298E-2
1.630019949E1,-5.712462589E-2,-1.146506786E0,3.993313387E-2
1.632005262E1,-1.089958102E-1,-7.305948138E-1,1.415811032E-1
1.633990418E1,-1.499412358E-1,-4.583060145E-1,2.132617831E-1
1.635975731E1,-1.578999311E-1,-4.634721875E-1,2.164208293E-1
1.637961043E1,-1.328195482E-1,-6.543588638E-1,1.663822383E-1
1.639946199E1,-8.730136603E-2,-9.108698964E-1,9.370672703E-2
1.641931512E1,-4.529129341E-2,-1.083256006E0,3.930481523E-2
1.643916824E1,-2.673844434E-2,-1.075838447E0,2.370157093E-2
1.645901981E1,-1.514945831E-2,-1.074843526E0,1.567305624E-2
1.647887293E1,-1.038470864E-2,-1.078421474E0,1.729621366E-2
1.649872606E1,-1.030616909E-1,-5.296899676E-1,1.294685304E-1
1.651857762E1,-1.023565769E0,1.092438221E1,1.503304482E0
1.653843074E1,-9.962688684E-1,1.146230984E1,1.498766541E0
1.655828387E1,-4.651302472E-2,3.126006842E0,4.654618502E-1
1.657813543E1,3.078935444E-1,7.721860409E-1,1.339540184E-1
1.659798856E1,2.249205858E-1,1.281891942E0,1.326973885E-1
1.661784168E1,7.812093943E-2,2.535806417E0,1.923701912E-1
1.663769481E1,-5.354670063E-2,3.772354603E0,2.417979091E-1
1.665754637E1,-1.692096740E-1,4.794314861E0,2.759540081E-1
1.667739949E1,-2.579247653E-1,5.465009689E0,2.950130105E-1
1.669725262E1,-7.159340382E-2,4.519285679E0,2.825862467E-1
1.671710418E1,1.304459125E-1,3.408767700E0,2.472258806E-1
1.673695731E1,1.392772794E-1,3.204476833E0,2.217440754E-1
1.675681043E1,6.393141299E-2,3.404351950E0,2.047096640E-1
1.677666199E1,-1.560324337E-2,3.547591209E0,1.872563809E-1
1.679651512E1,-2.930407785E-2,3.294047117E0,1.663473248E-1
1.681636824E1,-3.427826613E-2,2.975315094E0,1.493129134E-1
1.683621981E1,-2.956587821E-2,2.616405725E0,1.335525960E-1
1.685607293E1,-3.005456924E-2,2.339369535E0,1.180889755E-1
1.687592606E1,-6.407103688E-2,2.224648952E0,9.410814941E-2
1.689577762E1,-7.667231560E-2,1.887957573E0,7.916813344E-2
1.691563074E1,-2.446951531E-2,1.048506498E0,5.429719388E-2
1.693548387E1,6.037093699E-2,-2.405063622E-2,1.656317525E-2
1.695533699E1,1.612684280E-1,-1.066902280E0,-2.666863054E-2
1.697519481E1,2.870194018E-1,-2.115757942E0,-6.817255914E-2
1.699504168E1,3.818256855E-1,-2.904646635E0,-1.057145894E-1
1.701489481E1,4.438546896E-1,-3.454809427E0,-1.393121779E-1
1.703474637E1,4.548502564E-1,-3.568325758E0,-1.404466480E-1
1.705459949E1,-3.064623475E-1,-8.051552773E-1,-1.384569705E-1
1.707445262E1,-8.367806673E-1,2.783485889E0,2.206096202E-1
1.709430418E1,-8.151211143E-1,2.740830183E0,3.503224850E-1
1.711415731E1,-7.066838145E-1,1.813414574E0,2.744006515E-1
1.713401043E1,-5.933770537E-1,8.425053358E-1,1.888620704E-1
1.715386356E1,-4.585154355E-1,-1.622458100E-1,1.092227027E-1
1.717371512E1,-3.065321743E-1,-1.237996936E0,-3.455751808E-3
1.719356824E1,-2.040813416E-1,-2.034617662E0,-1.243896186E-1
1.721342137E1,1.869771183E-1,-4.288989544E0,-5.209109783E-1
1.723327293E1,5.687853694E-1,-5.139907360E0,-6.384763718E-1
1.725312606E1,7.530397773E-1,-5.181289196E0,-6.597518921E-1
1.727297918E1,7.650825381E-1,-4.944343090E0,-6.496987939E-1
1.729283074E1,7.700392604E-1,-4.786163807E0,-6.666284800E-1
1.731268387E1,7.604923248E-1,-4.696681023E0,-7.068758011E-1
1.733253699E1,6.590538025E-1,-4.477397919E0,-7.043450475E-1
1.735238856E1,4.589168727E-1,-4.098050594E0,-6.337290406E-1
1.737224168E1,2.522873282E-1,-3.418908119E0,-4.691968560E-1
1.739209481E1,1.095892265E-1,-2.529697657E0,-2.493028343E-1
1.741194793E1,-1.565560326E-2,-1.550026894E0,-2.373647876E-3
1.743179949E1,-8.368853480E-2,-9.883799553E-1,1.200262904E-1
1.745165262E1,-1.255240738E-1,-6.182654500E-1,1.913229972E-1
1.747150574E1,-1.738871485E-1,-3.270398080E-1,2.339264750E-1
1.749135731E1,-2.059837580E-1,-1.535191536E-1,2.356892675E-1
1.751121043E1,-2.102423608E-1,-5.674065277E-2,2.102249116E-1
1.753106356E1,-1.956514120E-1,-1.623156108E-2,1.715134978E-1
1.755091668E1,-1.826138049E-1,1.016828790E-1,1.543918252E-1
1.757076824E1,-1.802227050E-1,3.209834993E-1,1.630661041E-1
1.759062137E1,-1.914626211E-1,5.907590389E-1,1.808510125E-1
1.761047449E1,-2.358812541E-1,1.019307137E0,2.241351753E-1
1.763032606E1,-3.996978402E-1,2.260131598E0,4.048989415E-1
1.765017918E1,-4.670326412E-1,3.465909719E0,5.768836737E-1
1.767003699E1,-4.560545385E-1,3.920550585E0,6.099750996E-1
1.768988387E1,7.468263805E-2,1.835091472E0,3.174928427E-1
1.770973699E1,3.906221390E-1,4.907865822E-1,6.757915020E-2
1.772959012E1,3.717202246E-1,4.312185049E-1,7.051130291E-3
1.774944324E1,3.037396371E-1,7.644018531E-1,1.781981252E-2
1.776929481E1,2.524967790E-1,1.046359777E0,2.419026382E-2
1.778914793E1,1.776221544E-1,1.415025711E0,3.810053691E-2
1.780899949E1,7.438593358E-2,1.951504946E0,7.072073966E-2
1.782885262E1,6.693337858E-2,2.161485434E0,9.992010146E-2
1.784870574E1,9.087929130E-2,2.265751600E0,1.435882300E-1
1.786855887E1,1.091005281E-1,2.278160810E0,1.685464382E-1
1.788841043E1,7.677703351E-2,2.355391741E0,1.716007739E-1
1.790826824E1,4.276056588E-2,2.359039307E0,1.614255011E-1
1.792811668E1,2.612757869E-2,2.231927156E0,1.449146867E-1
1.794796824E1,1.017526910E-2,2.063136339E0,1.299397647E-1
1.796782137E1,7.103490178E-3,1.827970624E0,1.150695607E-1
1.798767449E1,-6.981316954E-3,1.660314202E0,1.012465507E-1
1.800752606E1,-5.537929758E-2,1.587987781E0,7.150614262E-2
1.802737918E1,-8.672541380E-2,1.423438191E0,5.625196174E-2
1.804723699E1,-6.312856078E-2,9.521120191E-1,3.668681905E-2
1.806708387E1,-1.155408006E-2,3.312111199E-1,6.248278543E-3
1.808693699E1,5.138249323E-2,-3.455926478E-1,-3.356268257E-2
1.810679012E1,1.073726565E-1,-9.506284595E-1,-7.557275891E-2
1.812664168E1,1.624901593E-1,-1.489062548E0,-1.155407950E-1
1.814649481E1,2.119353265E-1,-1.930840254E0,-1.492954642E-1
1.816634793E1,2.301391214E-1,-2.125933170E0,-1.573065221E-1
1.818619949E1,1.832595766E-1,-1.982327461E0,-1.303586364E-1
1.820605262E1,-4.673991799E-1,2.602635026E-1,5.825908855E-2
1.822590574E1,-6.889337897E-1,1.535889745E0,2.952224314E-1
1.824575731E1,-6.002885699E-1,1.123154283E0,3.055897057E-1
1.826561043E1,-5.090776086E-1,5.340533257E-1,2.451838553E-1
1.828546356E1,-4.313057661E-1,2.893755957E-2,1.990897059E-1
1.830531668E1,-3.616845906E-1,-4.296302497E-1,1.443736404E-1
1.832516824E1,-2.965314388E-1,-8.651073575E-1,6.850416958E-2
1.834502137E1,-2.434385270E-1,-1.246863246E0,-8.901178837E-3
1.836488074E1,-1.445481628E-1,-1.955815911E0,-1.837482601E-1
1.838472606E1,8.225736767E-2,-2.970672607E0,-4.301887453E-1
1.840457918E1,3.564834893E-1,-3.696799278E0,-6.239377260E-1
1.842443231E1,4.501204193E-1,-3.837472916E0,-6.912550926E-1
1.844428543E1,4.650080800E-1,-3.766158819E0,-7.067012787E-1
1.846413699E1,4.542044699E-1,-3.633583546E0,-7.046417594E-1
1.848399012E1,3.423288763E-1,-3.455298185E0,-6.835232973E-1
1.850384324E1,1.818283945E-1,-3.120613813E0,-6.006899476E-1
1.852369481E1,1.328719109E-1,-2.676165581E0,-4.874180853E-1
1.854354793E1,4.342379048E-2,-1.452532768E0,-1.002168059E-1
1.856340106E1,-1.366592757E-2,-9.238551259E-1,4.014257342E-2
1.858325262E1,-4.118977115E-2,-6.797358990E-1,8.307766914E-2
1.860311199E1,-8.934340626E-2,-4.419173598E-1,1.286133081E-1
1.862295887E1,-1.292067170E-1,-3.256435394E-1,1.396437883E-1
1.864281199E1,-1.444609016E-1,-2.666688561E-1,1.232027933E-1
1.866266356E1,-1.464505792E-1,-1.780061275E-1,1.043881401E-1
1.868251668E1,-1.492954642E-1,8.709193207E-3,1.041088924E-1
1.870236981E1,-1.501855850E-1,2.785894573E-1,1.230806187E-1
1.872222137E1,-1.532050073E-1,5.687853694E-1,1.501855850E-1
1.874207449E1,-1.639736891E-1,8.834507465E-1,1.829803139E-1
1.876192762E1,-1.918640435E-1,1.306954861E0,2.346769720E-1
1.878178074E1,-2.534043491E-1,2.012853384E0,3.420496285E-1
1.880163231E1,-2.773153782E-1,2.567327023E0,4.084593952E-1
1.882148543E1,-2.915572524E-1,2.981231689E0,4.449367821E-1
1.884133699E1,1.822996438E-1,1.207174420E0,1.572716236E-1
1.886119012E1,3.669031262E-1,4.602607787E-1,5.585053586E-4
1.888104324E1,2.960078418E-1,7.895869613E-1,2.043780498E-2
1.890089637E1,2.242050022E-1,1.158462286E0,4.159119725E-2
1.892074793E1,1.497666985E-1,1.600309849E0,6.639232486E-2
1.894060106E1,7.705628872E-2,2.049470425E0,9.412560612E-2
1.896045418E1,2.623229846E-2,2.368586302E0,1.139525473E-1
1.898030574E1,6.253514439E-2,2.378046036E0,1.337620318E-1
1.900015887E1,2.101027369E-1,1.936338067E0,1.354026496E-1
1.902001199E1,2.974739075E-1,1.617937684E0,1.221730486E-1
1.903986356E1,2.712765336E-1,1.598110676E0,1.062556431E-1
1.905972137E1,1.987580955E-1,1.729656219E0,9.470156580E-2
1.907956981E1,1.417905539E-1,1.747249126E0,8.300785720E-2
1.909942137E1,1.112298295E-1,1.645705819E0,7.564257085E-2
1.911927449E1,1.016479731E-1,1.410225987E0,5.733406544E-2
1.913912606E1,9.761626273E-2,1.140851855E0,3.371975943E-2
1.915898074E1,6.152285635E-2,1.006758213E0,5.061454722E-4
1.917883231E1,1.745329209E-4,9.438042641E-1,-4.391248524E-2
1.919868543E1,1.527163107E-2,5.191481709E-1,-7.159340382E-2
1.921853699E1,9.304349869E-2,-2.561096251E-1,-9.121090919E-2
1.923839012E1,1.951976269E-1,-1.176718473E0,-1.123119369E-1
1.925824168E1,2.919586897E-1,-1.991682410E0,-1.308996975E-1
1.927809481E1,3.699225485E-1,-2.561567307E0,-1.435533315E-1
1.929794793E1,4.161388576E-1,-2.904699087E0,-1.550899595E-1
1.931780106E1,4.191582799E-1,-2.983291388E0,-1.507789940E-1
1.933765262E1,-1.778490543E-1,-1.736445546E0,-1.391201913E-1
1.935750574E1,-8.328012824E-1,2.225067854E0,2.207317948E-1
1.937735887E1,-9.036442041E-1,3.081919909E0,3.970274925E-1
1.939721199E1,-7.363718748E-1,1.714087844E0,2.751336992E-1
1.941706356E1,-5.824687481E-1,5.341929197E-1,1.679181308E-1
1.943691668E1,-4.287401438E-1,-4.908389449E-1,7.822565734E-2
1.945676981E1,-2.783276439E-1,-1.467054009E0,-3.848451003E-2
1.947662137E1,-1.526813954E-1,-2.329298973E0,-1.745503843E-1
1.949647449E1,2.705260217E-1,-4.713296413E0,-6.413037777E-1
1.951632762E1,5.116432905E-1,-5.008728504E0,-7.402290106E-1
1.953617918E1,6.203773022E-1,-4.757557869E0,-7.328986526E-1
1.955603231E1,6.777811646E-1,-4.484065056E0,-7.217634320E-1
1.957588543E1,7.151137590E-1,-4.270855427E0,-7.222870588E-1
1.959573699E1,7.295825481E-1,-4.120338440E0,-7.363718748E-1
1.961559012E1,6.826156974E-1,-3.869988441E0,-7.026870251E-1
1.963544324E1,5.847899914E-1,-3.627963543E0,-6.457194686E-1
1.965529637E1,4.101174772E-1,-3.366809845E0,-5.329537392E-1
1.967514793E1,2.209586799E-1,-2.746781826E0,-3.146654069E-1
1.969500106E1,1.265363693E-1,-1.774214387E0,-5.927138031E-2
1.971485418E1,6.482152641E-2,-1.257684231E0,5.763076991E-2
1.973470574E1,6.387905218E-3,-8.575326204E-1,1.451066732E-1
1.975456512E1,-5.546656251E-2,-5.091823339E-1,2.256536186E-1
1.977441199E1,-8.658578247E-2,-4.018445909E-1,2.494250089E-1
1.979426512E1,-8.571311831E-2,-5.135980248E-1,2.265088260E-1
1.981411668E1,-6.723008305E-2,-6.953915358E-1,1.852841526E-1
1.983396981E1,-4.009021446E-2,-9.114981890E-1,1.335874945E-1
1.985382293E1,-1.591740362E-2,-1.107865214E0,8.613199741E-2
1.987367449E1,2.321287990E-3,-1.232185006E0,5.707226694E-2
1.989352762E1,2.069960535E-2,-1.369961262E0,3.256784379E-2
1.991338074E1,4.302236438E-2,-1.599280119E0,7.976154797E-3
1.993323231E1,6.305874884E-2,-1.778682470E0,5.009094719E-3
1.995308543E1,-1.458781123E0,1.519253254E1,1.637520313E0
1.997293856E1,-1.462585945E-2,2.548809052E0,3.801327050E-1
1.999279012E1,3.894178569E-1,3.655417562E-1,7.105235010E-2
2.001264324E1,4.718323052E-1,-4.679751396E-1,-4.998622835E-2
2.003249637E1,3.931877613E-1,-1.527163088E-1,-3.693116829E-2
2.005234949E1,2.731265724E-1,5.532868505E-1,-9.913469665E-3
2.007220106E1,-9.697049111E-2,3.347838163E0,9.833184630E-2
2.009205418E1,-6.631029248E-1,8.007692337E0,2.823244631E-1
2.011190731E1,-5.303357244E-1,7.353281498E0,2.930931449E-1
2.013175887E1,-2.931978703E-1,6.018139362E0,2.779960334E-1
2.015161199E1,-1.443910897E-1,5.096151829E0,2.537359595E-1
2.017146512E1,-9.368927032E-2,4.616430759E0,2.287428528E-1
2.019131824E1,-1.128529906E-1,4.416747570E0,2.005383372E-1
2.021116981E1,-1.358913332E-1,4.165786743E0,1.683370024E-1
2.023102293E1,-1.347045153E-1,3.786666393E0,1.425410360E-1
2.025087449E1,-1.177050024E-1,3.340193748E0,1.251401007E-1
2.027072762E1,-1.099208370E-1,2.995246887E0,1.101651788E-1
2.029058074E1,-1.418429017E-1,2.840732813E0,7.937757671E-2
2.031043387E1,-1.827708781E-1,2.637471676E0,5.016076192E-2
2.033028543E1,-2.267880887E-1,2.371692896E0,3.117158078E-2
2.035013856E1,-1.708328277E-1,1.449705362E0,6.614797749E-3
2.036999168E1,-2.892010473E-2,4.080579802E-2,-2.975786291E-2
2.038984324E1,1.266061813E-1,-1.299100876E0,-6.675884128E-2
2.040969637E1,2.950304449E-1,-2.489310741E0,-9.161233157E-2
2.042954949E1,4.205894470E-1,-3.336668015E0,-1.149473861E-1
2.044940731E1,4.894252419E-1,-3.813963175E0,-1.318596303E-1
2.046925418E1,4.967207015E-1,-3.847264051E0,-1.252622753E-1
2.048910731E1,-3.787364578E-3,-2.409165144E0,-1.525766850E-1
2.050895887E1,-7.078182697E-1,1.622789621E0,1.056273282E-1
2.052881199E1,-8.419991732E-1,2.648746490E0,2.939134538E-1
2.054866981E1,-6.904348135E-1,1.409545302E0,2.177298218E-1
2.056851824E1,-5.765520334E-1,4.171860516E-1,1.411447823E-1
2.058836981E1,-4.167671800E-1,-7.573158145E-1,3.956661373E-2
2.060822293E1,-2.304532677E-1,-1.878515363E0,-7.012733072E-2
2.062807449E1,-1.198343039E-1,-2.493743896E0,-1.472010612E-1
2.064792762E1,1.170417815E-1,-3.700377226E0,-3.669554591E-1
2.066778074E1,3.469190896E-1,-4.254571438E0,-4.736649096E-1
2.068763231E1,5.438620448E-1,-4.453888416E0,-5.385388136E-1
2.070748543E1,6.499606371E-1,-4.502181530E0,-6.005678177E-1
2.072733856E1,6.844308376E-1,-4.466245174E0,-6.532942057E-1
2.074719012E1,6.665238142E-1,-4.314942360E0,-6.737145185E-1
2.076704324E1,5.807408690E-1,-4.025235176E0,-6.407452822E-1
2.078689637E1,4.293684363E-1,-3.722263575E0,-5.849121809E-1
2.080674949E1,2.600016892E-1,-3.206291914E0,-4.530176520E-1
2.082660106E1,1.498365104E-1,-2.408624172E0,-2.500009537E-1
2.084645418E1,5.937610194E-2,-1.637642384E0,-5.162683874E-2
2.086630731E1,1.204277202E-2,-1.267109036E0,2.127556317E-2
2.088615887E1,-5.595525727E-2,-8.871857524E-1,1.028697044E-1
2.090601199E1,-1.399055868E-1,-6.437646747E-1,1.512327790E-1
2.092586512E1,-1.752485037E-1,-5.322905183E-1,1.598721594E-1
2.094571824E1,-1.792627722E-1,-5.294630527E-1,1.407782584E-1
2.096556981E1,-1.586155146E-1,-5.605822802E-1,1.113869101E-1
2.098542293E1,-1.315629184E-1,-5.475272536E-1,9.194394201E-2
2.100527606E1,-1.150695607E-1,-4.261221290E-1,9.436995536E-2
2.102512762E1,-1.140747219E-1,-2.156528831E-1,1.124690175E-1
2.104498074E1,-1.232726052E-1,6.026621908E-2,1.424014121E-1
2.106483387E1,-1.460142434E-1,4.975933731E-1,2.031214237E-1
2.108468543E1,-2.122494876E-1,1.289257288E0,3.260798752E-1
2.110453856E1,-2.503849268E-1,1.851532578E0,3.885277510E-1
2.112439168E1,-2.630385756E-1,2.263535023E0,4.172035158E-1
2.114424949E1,2.541199327E-1,6.619684696E-1,1.099906489E-1
2.116409637E1,4.069584310E-1,1.603084952E-1,-1.136209350E-2
2.118394949E1,3.603057563E-1,3.358536959E-1,-6.981316837E-4
2.120380262E1,3.075619340E-1,5.648932457E-1,1.609193534E-2
2.122365418E1,2.185675800E-1,8.988271356E-1,4.237659276E-2
2.124350731E1,9.124581516E-2,1.526848912E0,1.004262418E-1
2.126336043E1,6.056292448E-3,2.366701365E0,1.961400956E-1
2.128321199E1,5.443681777E-2,2.731544971E0,2.605252862E-1
2.130306512E1,6.482152641E-2,2.732906342E0,2.492853701E-1
2.132291824E1,6.914994121E-2,2.671034336E0,2.286032289E-1
2.134276981E1,4.893903062E-2,2.537045479E0,1.884431988E-1
2.136262293E1,2.293362655E-2,2.394330025E0,1.508837193E-1
2.138248074E1,4.433136433E-3,2.241002798E0,1.284213215E-1
2.140232918E1,2.129301662E-3,1.986498833E0,1.085071191E-1
2.142218074E1,1.239183731E-2,1.587219834E0,7.056365907E-2
2.144203387E1,2.347467840E-2,1.126278400E0,1.811651699E-2
2.146188699E1,1.108284108E-2,7.503345013E-1,-3.810053691E-2
2.148173856E1,1.893682219E-2,4.542393982E-1,-5.911429971E-2
2.150159168E1,5.166174471E-2,8.724901080E-2,-6.283185631E-2
2.152144949E1,1.189965457E-1,-5.249775648E-1,-7.639306039E-2
2.154129637E1,1.898394674E-1,-1.170731902E0,-9.595820308E-2
2.156114949E1,2.724808156E-1,-1.715152502E0,-1.112298295E-1
2.158100262E1,3.230429888E-1,-2.026885748E0,-1.254542619E-1
2.160085574E1,3.584557176E-1,-2.222100735E0,-1.399405003E-1
2.162070731E1,3.519107401E-1,-2.278998613E0,-1.470090896E-1
2.164056043E1,2.525142431E-1,-2.160438299E0,-1.414589286E-1
2.166041356E1,-3.735528290E-1,-8.512319922E-1,-1.804670505E-2
2.168026512E1,-7.729713917E-1,1.525470138E0,2.755351365E-1
2.170011824E1,-7.617663741E-1,1.649039388E0,3.318743706E-1
2.171996981E1,-6.159616113E-1,6.738017797E-1,2.313084900E-1
2.173982293E1,-4.691095948E-1,-1.435533315E-1,1.453684717E-1
2.175967606E1,-3.250850141E-1,-7.157944441E-1,8.578293025E-2
2.177952762E1,-2.284286916E-1,-1.182879448E0,1.394518092E-2
2.179938074E1,-1.572541595E-1,-1.581687212E0,-6.398376822E-2
2.181923387E1,1.182111502E-1,-3.268495560E0,-5.002288222E-1
2.183909168E1,3.345796168E-1,-3.419780731E0,-6.012833714E-1
2.185893856E1,3.994709551E-1,-3.240483046E0,-6.036396027E-1
2.187879168E1,4.214097559E-1,-3.097261190E0,-6.089104414E-1
2.189864324E1,4.447971582E-1,-3.048514128E0,-6.482676268E-1
2.191849637E1,3.983364999E-1,-2.986345530E0,-6.644119620E-1
2.193834949E1,3.051882684E-1,-2.852409124E0,-6.257354617E-1
2.195820262E1,2.061931938E-1,-2.571306229E0,-5.313480496E-1
2.197805418E1,2.434734255E-2,-1.644414306E0,-1.964368075E-1
2.199790731E1,-7.187265903E-2,-3.003711700E-1,2.226341963E-1
2.201776043E1,-8.044222742E-2,1.553343050E-2,2.915223539E-1
2.203761199E1,-8.285077661E-2,2.694788389E-2,2.678905725E-1
2.205746512E1,-1.036900133E-1,-1.576032303E-2,2.331061810E-1
2.207732449E1,-1.347568780E-1,-6.262241304E-2,2.000845522E-1
2.209717137E1,-1.620189101E-1,-9.047786891E-2,1.692620367E-1
2.211702293E1,-1.762957126E-1,-9.625490755E-2,1.421396136E-1
2.213687606E1,-1.806590259E-1,-4.822344705E-2,1.299746633E-1
2.215672918E1,-1.672723591E-1,1.389282104E-2,1.224697530E-1
2.217658074E1,-1.430646330E-1,6.574655324E-2,1.136383861E-1
2.219643387E1,-1.276882887E-1,1.629264802E-1,1.203404516E-1
2.221628699E1,-1.235693097E-1,3.419274390E-1,1.433787942E-1
2.223613856E1,-1.261174977E-1,6.059783101E-1,1.774825305E-1
2.225599168E1,-1.364672929E-1,9.017418027E-1,2.086366564E-1
2.227584481E1,-7.372270525E-2,8.521919250E-1,1.703441292E-1
2.229569793E1,4.523195326E-1,-4.892506897E-1,-1.646019965E-1
2.231554949E1,6.813939810E-1,-9.473821521E-1,-3.106511533E-1
2.233540262E1,7.120769024E-1,-1.123328805E0,-3.428001106E-1
2.235525574E1,6.780604124E-1,-1.090080261E0,-3.194650710E-1
2.237510731E1,6.280218363E-1,-1.093396425E0,-2.955191433E-1
2.239496043E1,5.412440300E-1,-1.101512194E0,-2.570869923E-1
2.241481356E1,4.510279894E-1,-1.030110717E0,-2.171538621E-1
2.243466668E1,3.497988880E-1,-5.777214170E-1,-1.669407487E-1
2.245451824E1,-5.185373127E-2,2.303188801E0,5.126031861E-2
2.247437137E1,-2.092126161E-1,3.324555397E0,9.412560612E-2
2.249422293E1,-3.341956437E-1,4.174984455E0,1.178271770E-1
2.251407606E1,-3.130422533E-1,4.317560673E0,1.189267337E-1
2.253393387E1,-2.699675262E-1,4.079794407E0,1.014036313E-1
2.255378231E1,-2.575582266E-1,3.819059610E0,8.044222742E-2
2.257363387E1,-1.788438857E-1,3.173235416E0,5.127777159E-2
2.259348699E1,-1.021366641E-1,2.539174795E0,3.675663471E-2
2.261334012E1,-1.745329209E-4,1.544459343E0,-1.518436475E-3
2.263319168E1,1.067443341E-1,5.159542561E-1,-3.902556375E-2
2.265304481E1,2.085668445E-1,-4.265759289E-1,-7.319910824E-2
2.267289793E1,2.402445674E-1,-7.906690836E-1,-8.108799905E-2
2.269275106E1,2.776469886E-1,-1.138757467E0,-7.869689912E-2
2.271260262E1,3.415260315E-1,-1.606418490E0,-8.433430642E-2
2.273245574E1,3.948807418E-1,-1.961767554E0,-9.943141043E-2
2.275230887E1,4.228932858E-1,-2.120941639E0,-1.208465993E-1
2.277216043E1,4.208337963E-1,-2.093609810E0,-1.377064735E-1
2.279201356E1,3.948632777E-1,-1.942830682E0,-1.458397061E-1
2.281186668E1,3.494498134E-1,-1.733792663E0,-1.459444314E-1
2.283171824E1,2.704911232E-1,-1.541247845E0,-1.405164599E-1
2.285157137E1,-6.255260110E-2,-1.713983178E0,-1.202008277E-1
2.287142449E1,-2.746275663E-1,-1.560795546E0,-7.827802002E-2
2.289127606E1,-3.530102968E-1,-1.370694280E0,-6.017895415E-2
2.291113387E1,-3.783001006E-1,-1.183926582E0,-5.532693863E-2
2.293098231E1,-4.085466564E-1,-1.050391555E0,-5.082398653E-2
2.295083387E1,-4.381823540E-1,-9.515883923E-1,-4.745550081E-2
2.297068699E1,-4.339063168E-1,-8.480205536E-1,-5.016076192E-2
2.299053856E1,-4.036422968E-1,-6.594551802E-1,-3.881612420E-2
2.301039168E1,-2.686236203E-1,-9.441707730E-1,-1.646019965E-1
2.303024481E1,-1.158549562E-1,-1.156525016E0,-2.956238687E-1
2.305010262E1,1.136209350E-2,-1.175008059E0,-3.704112172E-1
2.306995106E1,7.841764390E-2,-1.112699747E0,-3.989997208E-1
2.308980262E1,1.207767874E-1,-1.092890263E0,-4.296651483E-1
2.310965574E1,1.424712241E-1,-1.039954424E0,-4.386535883E-1
2.312950731E1,1.120675877E-1,-1.015711784E0,-4.256159961E-1
2.314936043E1,4.457570985E-2,-9.421811104E-1,-3.723834455E-1
2.316921356E1,1.602212340E-2,-8.025198579E-1,-3.211405873E-1
2.318906512E1,-6.684611086E-3,-6.578320265E-1,-2.683618367E-1
2.320891824E1,-1.576555967E-1,-4.258428812E-1,-1.002866179E-1
2.322877137E1,-3.639535010E-1,-3.784222901E-1,4.745550081E-2
2.324862449E1,-4.441688359E-1,-5.197066665E-1,5.806710571E-2
2.326847606E1,-4.260872304E-1,-5.219407082E-1,3.082251363E-2
2.328832918E1,-4.023158550E-1,-3.788411617E-1,2.422516979E-2
2.330818231E1,-3.672521710E-1,-1.507266313E-1,4.860742018E-2
2.332803387E1,-3.008773029E-1,-7.628834248E-2,3.188716620E-2
2.334788699E1,-2.379232794E-1,-7.881906629E-2,1.654572040E-2
2.336774012E1,-1.734857261E-1,-1.872389168E-1,-1.781981252E-2
2.338759168E1,-1.303411871E-1,-1.900663525E-1,-1.279326342E-2
2.340744481E1,-9.876818210E-2,-1.515120268E-1,1.364847459E-2
2.342729793E1,-6.658431143E-2,-1.382649839E-1,3.387684003E-2
2.344715106E1,-2.502802201E-2,-1.398706883E-1,4.295255244E-2
2.346700262E1,2.167698927E-2,-2.305579931E-2,6.330309063E-2
2.348685574E1,9.115854651E-2,2.086366564E-1,8.611454815E-2
2.350670887E1,3.272841275E-1,5.731661320E-1,4.558800161E-2
2.352656043E1,4.474151433E-1,4.916243553E-1,-2.830924094E-2
2.354641356E1,4.380601943E-1,4.534539878E-1,-2.659881860E-2
2.356626668E1,4.334699810E-1,4.506265521E-1,-2.614503168E-2
2.358611824E1,4.233121574E-1,4.462981522E-1,-2.782054804E-2
2.360597137E1,3.763976991E-1,4.725827873E-1,-1.455604564E-2
2.362582449E1,3.101275563E-1,4.476769567E-1,-7.679448463E-4
2.364567762E1,1.999100149E-1,6.435726881E-1,5.731661245E-2
2.366552918E1,-3.227113932E-2,1.381428123E0,1.989849806E-1
2.368538231E1,-3.117681742E-1,2.399286747E0,3.517012894E-1
2.370523543E1,-5.416280031E-1,3.341520071E0,4.660029113E-1
2.372508699E1,-6.806085706E-1,4.037260532E0,5.385213494E-1
2.374494012E1,-7.289541960E-1,4.221270561E0,5.433035493E-1
2.376479324E1,-6.887418032E-1,3.922121286E0,4.893030524E-1
2.378464637E1,-6.387032270E-1,3.562391520E0,4.292637408E-1
2.380449793E1,-6.104114652E-1,3.266977072E0,3.897320330E-1
2.382435106E1,-2.469640821E-1,1.222306490E0,2.160717547E-1
2.384420418E1,5.004382730E-1,-2.749242544E0,-1.226791963E-1
2.386405574E1,8.179485798E-1,-2.858936548E0,-1.706582904E-1
2.388390887E1,8.043349981E-1,-2.204193830E0,-9.381144494E-2
2.390376199E1,7.419220209E-1,-2.104099035E0,-7.480481267E-2
2.392361356E1,6.637836099E-1,-1.915428996E0,-5.389576778E-2
2.394346668E1,4.269773364E-1,-2.129738092E0,-3.216641769E-2
2.396331981E1,2.858674824E-1,-1.896300197E0,1.308996975E-2
2.398317137E1,2.417280972E-1,-1.650697470E0,2.802998759E-2
2.400302449E1,1.843591332E-1,-1.344601631E0,6.735225767E-2
2.402287762E1,1.254891753E-1,-1.024106860E0,1.183158681E-1
2.404273074E1,6.614797562E-2,-7.230375409E-1,1.761037260E-1
2.406258231E1,2.598795295E-2,-5.569171309E-1,2.243271619E-1
2.408243543E1,1.813396998E-2,-5.948605537E-1,2.491108477E-1
2.410228856E1,3.822271153E-2,-8.536056280E-1,2.345373482E-1
2.412214012E1,7.279768586E-2,-1.258539438E0,1.898918152E-1
2.414199324E1,9.299114347E-2,-1.665009141E0,1.415287554E-1
2.416184637E1,9.562659264E-2,-1.963024139E0,1.166403517E-1
2.418169793E1,8.700466156E-2,-2.071653366E0,1.227141023E-1
2.420155106E1,7.234390080E-2,-2.031074524E0,1.603608578E-1
2.422140418E1,5.249950290E-2,-1.972850323E0,2.085668445E-1
2.424125574E1,2.509783395E-2,-1.964158654E0,2.505594790E-1
2.426110887E1,-5.288347602E-3,-1.982973218E0,2.866528630E-1
2.428096043E1,-3.235840425E-2,-1.917697906E0,3.428001106E-1
2.430081981E1,-5.904448777E-2,-1.698851109E0,4.674166143E-1
2.432066668E1,-7.518878579E-2,-1.278017282E0,6.605722308E-1
2.434051981E1,-9.060004354E-2,-9.538747668E-1,8.182278275E-1
2.436037137E1,-1.454208344E-1,-6.718645096E-1,1.022344112E0
2.438022449E1,-1.175653785E-1,5.560619012E-2,1.341809154E0
2.440007762E1,3.417703807E-1,2.643650293E0,1.868723989E0
2.441993074E1,1.336799979E0,6.186127663E0,2.208504677E0
2.443978231E1,1.846610665E0,6.819071293E0,2.144241810E0
2.445963543E1,2.083713770E0,6.503463268E0,2.021527529E0
2.447948699E1,2.188992023E0,5.999028206E0,1.897539377E0
2.449934012E1,2.160578012E0,5.418392181E0,1.763986826E0
2.451919324E1,1.954402208E0,4.569865227E0,1.613888502E0
2.453904481E1,1.563308835E0,3.008685827E0,1.540200710E0
2.455889793E1,1.139089108E0,1.450909615E0,1.543080449E0
2.457875106E1,7.228280902E-1,1.153488085E-1,1.599925876E0
2.459860418E1,2.179218084E-1,-1.107167006E0,1.684766293E0
2.461845574E1,-3.215769231E-1,-2.120068789E0,1.761525869E0
2.463830887E1,-7.959748507E-1,-2.913705111E0,1.851462722E0
2.465816199E1,-1.255799294E0,-3.624472857E0,1.995225430E0
2.467801356E1,-1.360990286E0,-3.824871540E0,2.130331516E0
2.469786668E1,-1.487509251E0,-3.937811852E0,2.226150036E0
2.471771981E1,-1.423019290E0,-3.767554998E0,2.289295912E0
2.473757137E1,-1.533254266E0,-3.787451744E0,2.401852369E0
2.475742449E1,-1.731925130E0,-3.877371073E0,2.534636974E0
2.477727762E1,-1.501140237E0,-3.567069054E0,2.586228848E0
2.479713074E1,-1.439914107E0,-3.404910564E0,2.661051035E0
2.481698231E1,-1.550393462E0,-3.379411221E0,2.786156416E0
2.483683543E1,-1.661675572E0,-3.367019415E0,2.875220537E0
2.485668856E1,-9.095783234E-1,-2.889392614E0,2.641171932E0
2.487654012E1,-4.541870356E-1,-2.620350122E0,2.463811398E0
2.489639324E1,-4.471533373E-2,-2.395743608E0,2.263726950E0
2.491624637E1,2.305230796E-1,-2.254564047E0,2.085109949E0
2.493609949E1,4.416206479E-1,-2.158693075E0,1.912078023E0
2.495595106E1,6.246010065E-1,-2.073678017E0,1.767843962E0
2.497580418E1,8.230972886E-1,-1.993602276E0,1.620974541E0
2.499565731E1,1.065890074E0,-1.953302622E0,1.403244734E0
2.501550887E1,1.265573144E0,-1.973880053E0,1.162668586E0
2.503536199E1,1.369437695E0,-2.036275625E0,9.698445797E-1
2.505521512E1,1.438203692E0,-2.082806110E0,8.334819674E-1
2.507506668E1,1.534179330E0,-2.078564882E0,7.192152739E-1
2.509491981E1,1.653367877E0,-2.037567139E0,6.077411175E-1
2.511477293E1,1.770758748E0,-1.963373184E0,5.143834352E-1
2.513462606E1,1.849333405E0,-1.856314778E0,4.589168727E-1
2.515447762E1,1.778525352E0,-1.713843465E0,5.328839421E-1
2.517433074E1,1.695046306E0,-1.567899108E0,6.145827770E-1
2.519418387E1,1.709323049E0,-1.444940686E0,5.785766244E-1
2.521403543E1,1.794041395E0,-1.340500116E0,4.530525804E-1
2.523388856E1,1.892861962E0,-1.229793906E0,2.862688899E-1
2.525374168E1,1.930543542E0,-1.122857571E0,1.573763341E-1
2.527359481E1,1.944855332E0,-1.048209786E0,6.056292448E-3
2.529344637E1,1.921048999E0,-9.856746793E-1,-1.243023500E-1
2.531329949E1,1.877590299E0,-9.364738464E-1,-2.471909821E-1
2.533315106E1,1.815142393E0,-8.953539133E-1,-3.496941626E-1
2.535300418E1,1.739848971E0,-8.685979843E-1,-4.547280669E-1
2.537285731E1,1.583257914E0,-8.096233010E-1,-4.116882682E-1
2.539271043E1,1.404012680E0,-7.252715826E-1,-3.039839864E-1
2.541256199E1,1.269936442E0,-6.625095010E-1,-2.595129907E-1
